result_id,exam_id,student_id,marks_obtained,grade,pass_fail
1,1,141,41.62,D,Pass
2,1,393,80.59,A,Pass
3,1,470,95.7,A+,Pass
4,1,90,58.42,D,Pass
5,1,80,75.47,B,Pass
6,1,363,28.52,F,Fail
7,1,261,22.85,F,Fail
8,1,476,36.25,F,Fail
9,1,491,41.14,D,Pass
10,1,195,35.47,F,Fail
11,1,329,45.21,D,Pass
12,1,381,92.7,A+,Pass
13,1,69,53.84,D,Pass
14,1,31,28.68,F,Fail
15,1,300,43.13,D,Pass
16,1,465,48.83,D,Pass
17,1,311,62.51,C,Pass
18,1,400,82.35,A,Pass
19,1,306,69.83,C,Pass
20,1,473,54.69,D,Pass
21,1,134,99.47,A+,Pass
22,1,84,48.79,D,Pass
23,1,144,68.96,C,Pass
24,1,460,60.1,C,Pass
25,1,21,99.32,A+,Pass
26,1,352,73.68,B,Pass
27,1,394,83.34,A,Pass
28,1,42,40.41,D,Pass
29,1,277,57.11,D,Pass
30,1,433,68.16,C,Pass
31,1,238,49.7,D,Pass
32,1,129,87.79,A,Pass
33,1,9,40.67,D,Pass
34,1,155,61.35,C,Pass
35,1,415,69.99,C,Pass
36,1,436,81.92,A,Pass
37,1,326,60.04,C,Pass
38,1,245,79.3,B,Pass
39,1,351,45.4,D,Pass
40,1,466,78.82,B,Pass
41,1,92,86.97,A,Pass
42,1,7,71.04,B,Pass
43,1,33,36.92,F,Fail
44,1,220,83.9,A,Pass
45,1,384,22.97,F,Fail
46,1,96,82.33,A,Pass
47,1,240,76.6,B,Pass
48,1,127,77.47,B,Pass
49,1,15,93.19,A+,Pass
50,1,143,41.54,D,Pass
51,1,419,81.41,A,Pass
52,1,227,55.28,D,Pass
53,1,16,99.35,A+,Pass
54,1,401,75.91,B,Pass
55,1,46,27.94,F,Fail
56,1,355,38.44,F,Fail
57,1,378,30.4,F,Fail
58,1,216,52.01,D,Pass
59,1,200,74.47,B,Pass
60,1,243,43.58,D,Pass
61,1,114,78.19,B,Pass
62,1,471,56.9,D,Pass
63,1,444,57.24,D,Pass
64,1,57,39.49,F,Fail
65,1,285,95.6,A+,Pass
66,1,263,27.11,F,Fail
67,1,464,74.49,B,Pass
68,1,357,27.59,F,Fail
69,1,103,59.16,D,Pass
70,1,296,28.72,F,Fail
71,1,239,57.58,D,Pass
72,1,246,93.24,A+,Pass
73,1,56,59.96,D,Pass
74,1,472,29.66,F,Fail
75,1,124,99.9,A+,Pass
76,1,101,46.52,D,Pass
77,1,50,52.11,D,Pass
78,1,142,47.94,D,Pass
79,1,382,80.32,A,Pass
80,1,323,26.02,F,Fail
81,1,278,45.56,D,Pass
82,1,187,35.49,F,Fail
83,1,198,41.58,D,Pass
84,1,77,68.19,C,Pass
85,1,446,96.41,A+,Pass
86,1,71,95.01,A+,Pass
87,1,123,38.76,F,Fail
88,1,258,56.35,D,Pass
89,1,337,50.16,D,Pass
90,1,281,30.72,F,Fail
91,1,388,59.91,D,Pass
92,1,18,44.01,D,Pass
93,1,87,88.43,A,Pass
94,1,4,47.79,D,Pass
95,1,441,72.34,B,Pass
96,1,128,66.26,C,Pass
97,1,408,47.41,D,Pass
98,1,454,56.21,D,Pass
99,1,411,60.26,C,Pass
100,1,273,26.8,F,Fail
101,1,184,98.4,A+,Pass
102,1,118,38.53,F,Fail
103,1,317,53.41,D,Pass
104,1,173,95.97,A+,Pass
105,1,132,76.8,B,Pass
106,1,231,94.76,A+,Pass
107,1,342,37.33,F,Fail
108,1,100,35.64,F,Fail
109,1,452,40.06,D,Pass
110,1,374,89.67,A,Pass
111,1,335,44.93,D,Pass
112,1,130,60.94,C,Pass
113,1,345,48.71,D,Pass
114,1,376,94.99,A+,Pass
115,1,242,27.76,F,Fail
116,1,390,22.9,F,Fail
117,1,133,83.83,A,Pass
118,1,406,66.52,C,Pass
119,1,111,35.07,F,Fail
120,1,126,98.07,A+,Pass
121,1,49,98.52,A+,Pass
122,1,283,21.87,F,Fail
123,1,328,96.63,A+,Pass
124,1,413,62.11,C,Pass
125,1,420,53.67,D,Pass
126,1,333,36.62,F,Fail
127,1,236,28.78,F,Fail
128,1,362,47.33,D,Pass
129,1,286,24.25,F,Fail
130,1,241,45.81,D,Pass
131,1,162,69.85,C,Pass
132,1,313,49.22,D,Pass
133,1,83,61.06,C,Pass
134,1,457,71.8,B,Pass
135,1,205,66.62,C,Pass
136,1,485,20.89,F,Fail
137,1,222,29.87,F,Fail
138,1,161,45.6,D,Pass
139,1,253,53.4,D,Pass
140,1,353,55.81,D,Pass
141,1,297,84.54,A,Pass
142,1,67,59.16,D,Pass
143,1,489,55.53,D,Pass
144,2,74,25.23,F,Fail
145,2,22,98.85,A+,Pass
146,2,467,99.75,A+,Pass
147,2,497,75.86,B,Pass
148,2,418,30.06,F,Fail
149,2,464,54.24,D,Pass
150,2,424,55.96,D,Pass
151,2,130,27.79,F,Fail
152,2,287,23.77,F,Fail
153,2,399,49.83,D,Pass
154,2,386,53.05,D,Pass
155,2,302,60.57,C,Pass
156,2,381,66.73,C,Pass
157,2,99,22.05,F,Fail
158,2,41,29.14,F,Fail
159,2,97,22.29,F,Fail
160,2,71,74.83,B,Pass
161,2,11,94.4,A+,Pass
162,2,229,23.69,F,Fail
163,2,68,85.42,A,Pass
164,2,152,49.2,D,Pass
165,2,490,48.88,D,Pass
166,2,330,90.94,A+,Pass
167,2,451,33.92,F,Fail
168,2,124,72.5,B,Pass
169,2,186,87.1,A,Pass
170,2,479,72.89,B,Pass
171,2,362,55.97,D,Pass
172,2,282,24.14,F,Fail
173,2,323,68.64,C,Pass
174,2,484,50.82,D,Pass
175,2,12,52.82,D,Pass
176,2,457,43.01,D,Pass
177,2,49,61.82,C,Pass
178,2,491,25.81,F,Fail
179,2,376,40.92,D,Pass
180,2,327,75.14,B,Pass
181,2,95,34.41,F,Fail
182,2,153,50.87,D,Pass
183,2,350,76.36,B,Pass
184,2,388,95.19,A+,Pass
185,2,401,56.29,D,Pass
186,2,442,92.92,A+,Pass
187,2,488,84.1,A,Pass
188,2,26,46.91,D,Pass
189,2,39,55.66,D,Pass
190,2,43,36.23,F,Fail
191,2,434,74.08,B,Pass
192,2,42,92.43,A+,Pass
193,2,112,44.98,D,Pass
194,2,329,90.46,A+,Pass
195,2,498,81.13,A,Pass
196,2,140,37.74,F,Fail
197,2,223,53.31,D,Pass
198,2,358,58.03,D,Pass
199,2,217,89.34,A,Pass
200,2,462,36.67,F,Fail
201,2,173,22.9,F,Fail
202,2,98,72.3,B,Pass
203,2,377,77.16,B,Pass
204,2,344,70.79,B,Pass
205,2,472,50.29,D,Pass
206,2,368,53.51,D,Pass
207,2,333,52.24,D,Pass
208,2,369,84.19,A,Pass
209,2,370,37.93,F,Fail
210,2,144,36.83,F,Fail
211,2,499,56.12,D,Pass
212,2,170,60.66,C,Pass
213,2,35,63.05,C,Pass
214,2,311,65.93,C,Pass
215,2,133,32.29,F,Fail
216,2,208,32.41,F,Fail
217,2,375,77.5,B,Pass
218,2,181,76.27,B,Pass
219,2,468,71.38,B,Pass
220,2,15,44.9,D,Pass
221,2,127,87.63,A,Pass
222,2,57,72.11,B,Pass
223,2,31,73.23,B,Pass
224,2,393,85.2,A,Pass
225,2,403,32.1,F,Fail
226,2,214,74.35,B,Pass
227,2,207,77.33,B,Pass
228,2,194,58.01,D,Pass
229,2,266,23.9,F,Fail
230,2,439,23.45,F,Fail
231,2,259,51.89,D,Pass
232,2,158,72.65,B,Pass
233,2,212,82.94,A,Pass
234,2,413,20.17,F,Fail
235,2,334,22.01,F,Fail
236,2,114,93.11,A+,Pass
237,2,396,69.2,C,Pass
238,2,307,54.16,D,Pass
239,2,303,81.25,A,Pass
240,2,272,60.67,C,Pass
241,2,320,49.79,D,Pass
242,2,355,29.81,F,Fail
243,2,335,28.74,F,Fail
244,2,398,68.1,C,Pass
245,2,465,55.44,D,Pass
246,2,412,99.24,A+,Pass
247,2,248,28.35,F,Fail
248,2,326,91.57,A+,Pass
249,2,309,29.54,F,Fail
250,2,278,87.71,A,Pass
251,2,163,20.11,F,Fail
252,2,224,22.56,F,Fail
253,2,444,80.69,A,Pass
254,2,280,45.88,D,Pass
255,2,446,59.17,D,Pass
256,2,180,30.8,F,Fail
257,2,13,95.87,A+,Pass
258,2,476,65.05,C,Pass
259,2,277,88.55,A,Pass
260,2,419,48.3,D,Pass
261,2,50,90.6,A+,Pass
262,2,450,91.57,A+,Pass
263,2,83,37.29,F,Fail
264,2,165,52.28,D,Pass
265,2,292,47.31,D,Pass
266,2,409,87.37,A,Pass
267,2,79,55.8,D,Pass
268,2,384,72.44,B,Pass
269,2,232,49.49,D,Pass
270,2,313,90.71,A+,Pass
271,2,430,20.9,F,Fail
272,2,86,71.07,B,Pass
273,2,474,63.33,C,Pass
274,2,473,59.71,D,Pass
275,2,19,25.47,F,Fail
276,3,228,74.6,B,Pass
277,3,229,91.86,A+,Pass
278,3,13,91.54,A+,Pass
279,3,345,83.26,A,Pass
280,3,171,68.71,C,Pass
281,3,65,83.91,A,Pass
282,3,73,84.17,A,Pass
283,3,346,64.4,C,Pass
284,3,221,51.15,D,Pass
285,3,162,52.55,D,Pass
286,3,127,42.79,D,Pass
287,3,59,97.48,A+,Pass
288,3,183,71.05,B,Pass
289,3,313,84.77,A,Pass
290,3,370,78.39,B,Pass
291,3,192,39.78,F,Fail
292,3,188,91.11,A+,Pass
293,3,155,24.14,F,Fail
294,3,219,84.11,A,Pass
295,3,331,71.54,B,Pass
296,3,374,21.82,F,Fail
297,3,456,88.08,A,Pass
298,3,18,70.55,B,Pass
299,3,216,92.74,A+,Pass
300,3,282,35.91,F,Fail
301,3,475,77.44,B,Pass
302,3,177,78.9,B,Pass
303,3,492,66.33,C,Pass
304,3,318,46.8,D,Pass
305,3,279,38.52,F,Fail
306,3,473,22.9,F,Fail
307,3,55,46.81,D,Pass
308,3,109,42.86,D,Pass
309,3,408,75.47,B,Pass
310,3,253,70.91,B,Pass
311,3,386,30.73,F,Fail
312,3,291,89.35,A,Pass
313,3,498,24.49,F,Fail
314,3,392,94.5,A+,Pass
315,3,259,21.06,F,Fail
316,3,57,55.25,D,Pass
317,3,430,34.62,F,Fail
318,3,46,31.43,F,Fail
319,3,34,74.06,B,Pass
320,3,142,89.61,A,Pass
321,3,264,74.96,B,Pass
322,3,439,77.83,B,Pass
323,3,422,69.05,C,Pass
324,3,100,95.68,A+,Pass
325,3,64,92.92,A+,Pass
326,3,149,37.16,F,Fail
327,3,154,41.88,D,Pass
328,3,106,49.43,D,Pass
329,3,61,30.88,F,Fail
330,3,317,78.62,B,Pass
331,3,202,48.42,D,Pass
332,3,359,44.58,D,Pass
333,3,380,88.35,A,Pass
334,3,319,60.8,C,Pass
335,3,294,92.53,A+,Pass
336,3,304,23.38,F,Fail
337,3,236,63.12,C,Pass
338,3,320,96.77,A+,Pass
339,3,239,68.67,C,Pass
340,3,63,46.75,D,Pass
341,3,172,34.79,F,Fail
342,3,287,63.25,C,Pass
343,3,74,90.55,A+,Pass
344,3,417,49.89,D,Pass
345,3,22,44.98,D,Pass
346,3,438,29.45,F,Fail
347,3,366,23.23,F,Fail
348,3,11,83.02,A,Pass
349,3,298,96.37,A+,Pass
350,3,342,37.64,F,Fail
351,3,310,71.77,B,Pass
352,3,258,61.25,C,Pass
353,3,333,73.06,B,Pass
354,3,186,81.72,A,Pass
355,3,351,54.61,D,Pass
356,3,215,31.75,F,Fail
357,3,301,71.65,B,Pass
358,3,37,28.82,F,Fail
359,3,429,22.61,F,Fail
360,3,114,92.33,A+,Pass
361,3,364,60.81,C,Pass
362,3,436,60.71,C,Pass
363,3,474,30.87,F,Fail
364,3,16,52.03,D,Pass
365,3,38,94.14,A+,Pass
366,3,56,61.92,C,Pass
367,3,354,67.44,C,Pass
368,3,255,94.91,A+,Pass
369,3,312,56.88,D,Pass
370,3,497,84.01,A,Pass
371,3,322,95.99,A+,Pass
372,3,66,42.86,D,Pass
373,3,26,86.49,A,Pass
374,3,271,44.9,D,Pass
375,3,299,37.07,F,Fail
376,3,129,79.83,B,Pass
377,3,406,91.81,A+,Pass
378,3,496,66.66,C,Pass
379,3,377,35.23,F,Fail
380,3,362,62.19,C,Pass
381,3,30,88.32,A,Pass
382,3,495,46.59,D,Pass
383,3,164,93.35,A+,Pass
384,3,412,38.44,F,Fail
385,3,421,47.05,D,Pass
386,3,390,42.27,D,Pass
387,3,358,99.07,A+,Pass
388,3,260,55.67,D,Pass
389,3,381,70.5,B,Pass
390,3,332,96.93,A+,Pass
391,3,343,62.32,C,Pass
392,3,326,98.77,A+,Pass
393,3,466,54.59,D,Pass
394,3,36,87.95,A,Pass
395,3,169,34.64,F,Fail
396,3,102,82.13,A,Pass
397,3,246,29.64,F,Fail
398,3,266,51.26,D,Pass
399,3,323,49.75,D,Pass
400,3,388,98.74,A+,Pass
401,3,225,74.36,B,Pass
402,3,158,86.63,A,Pass
403,3,174,23.32,F,Fail
404,3,107,58.15,D,Pass
405,3,355,97.1,A+,Pass
406,3,289,71.79,B,Pass
407,4,366,65.03,C,Pass
408,4,464,76.15,B,Pass
409,4,315,87.97,A,Pass
410,4,438,70.55,B,Pass
411,4,466,98.99,A+,Pass
412,4,368,39.0,F,Fail
413,4,91,83.57,A,Pass
414,4,260,40.77,D,Pass
415,4,283,72.82,B,Pass
416,4,16,89.77,A,Pass
417,4,267,66.56,C,Pass
418,4,196,22.39,F,Fail
419,4,450,24.09,F,Fail
420,4,327,22.42,F,Fail
421,4,162,28.78,F,Fail
422,4,401,75.01,B,Pass
423,4,355,82.18,A,Pass
424,4,6,78.19,B,Pass
425,4,347,44.07,D,Pass
426,4,270,96.41,A+,Pass
427,4,154,46.09,D,Pass
428,4,406,26.57,F,Fail
429,4,399,48.43,D,Pass
430,4,255,45.37,D,Pass
431,4,56,62.52,C,Pass
432,4,469,90.01,A+,Pass
433,4,357,96.66,A+,Pass
434,4,441,66.89,C,Pass
435,4,67,92.37,A+,Pass
436,4,193,66.93,C,Pass
437,4,236,87.25,A,Pass
438,4,195,77.89,B,Pass
439,4,68,28.61,F,Fail
440,4,166,22.55,F,Fail
441,4,127,73.77,B,Pass
442,4,392,47.98,D,Pass
443,4,423,76.16,B,Pass
444,4,62,67.24,C,Pass
445,4,412,94.24,A+,Pass
446,4,50,47.8,D,Pass
447,4,174,43.34,D,Pass
448,4,335,45.38,D,Pass
449,4,324,99.53,A+,Pass
450,4,434,68.72,C,Pass
451,4,420,50.22,D,Pass
452,4,216,88.13,A,Pass
453,4,248,33.21,F,Fail
454,4,14,56.07,D,Pass
455,4,422,61.05,C,Pass
456,4,167,77.96,B,Pass
457,4,244,78.79,B,Pass
458,4,275,49.45,D,Pass
459,4,468,85.51,A,Pass
460,4,314,48.29,D,Pass
461,4,3,48.02,D,Pass
462,4,210,41.02,D,Pass
463,4,245,44.8,D,Pass
464,4,378,29.12,F,Fail
465,4,336,95.18,A+,Pass
466,4,486,91.13,A+,Pass
467,4,465,37.38,F,Fail
468,4,282,35.56,F,Fail
469,4,329,22.86,F,Fail
470,4,139,63.02,C,Pass
471,4,105,24.81,F,Fail
472,4,187,24.91,F,Fail
473,4,95,38.51,F,Fail
474,4,129,63.29,C,Pass
475,4,313,83.08,A,Pass
476,4,238,39.54,F,Fail
477,4,278,33.5,F,Fail
478,4,427,62.6,C,Pass
479,4,211,79.99,B,Pass
480,4,396,26.26,F,Fail
481,4,59,40.12,D,Pass
482,4,126,60.15,C,Pass
483,4,449,65.73,C,Pass
484,4,249,25.76,F,Fail
485,4,493,58.92,D,Pass
486,4,122,24.64,F,Fail
487,4,385,65.5,C,Pass
488,4,462,98.2,A+,Pass
489,4,263,96.27,A+,Pass
490,4,320,29.39,F,Fail
491,4,48,39.21,F,Fail
492,4,45,40.64,D,Pass
493,4,451,69.86,C,Pass
494,4,433,22.47,F,Fail
495,4,364,55.06,D,Pass
496,4,430,55.28,D,Pass
497,4,490,67.89,C,Pass
498,4,277,90.74,A+,Pass
499,4,64,75.15,B,Pass
500,4,208,92.0,A+,Pass
501,4,213,33.4,F,Fail
502,4,495,59.77,D,Pass
503,4,306,92.36,A+,Pass
504,4,337,27.13,F,Fail
505,4,7,82.13,A,Pass
506,4,128,30.03,F,Fail
507,4,380,25.79,F,Fail
508,4,292,66.85,C,Pass
509,4,12,59.06,D,Pass
510,4,133,68.89,C,Pass
511,4,88,33.26,F,Fail
512,4,153,58.23,D,Pass
513,4,382,29.69,F,Fail
514,4,287,95.92,A+,Pass
515,4,397,78.62,B,Pass
516,4,489,51.19,D,Pass
517,4,266,40.42,D,Pass
518,4,111,37.69,F,Fail
519,4,471,23.33,F,Fail
520,4,291,34.11,F,Fail
521,4,446,43.56,D,Pass
522,4,215,98.26,A+,Pass
523,4,230,28.15,F,Fail
524,4,19,35.41,F,Fail
525,4,326,43.08,D,Pass
526,4,132,30.41,F,Fail
527,4,443,55.77,D,Pass
528,4,83,49.97,D,Pass
529,4,299,56.34,D,Pass
530,4,155,68.86,C,Pass
531,5,40,88.99,A,Pass
532,5,200,64.92,C,Pass
533,5,182,79.96,B,Pass
534,5,31,38.04,F,Fail
535,5,116,64.6,C,Pass
536,5,69,82.73,A,Pass
537,5,71,74.41,B,Pass
538,5,231,68.46,C,Pass
539,5,126,83.02,A,Pass
540,5,405,79.81,B,Pass
541,5,207,43.02,D,Pass
542,5,420,32.77,F,Fail
543,5,237,45.75,D,Pass
544,5,488,54.31,D,Pass
545,5,241,44.74,D,Pass
546,5,151,91.18,A+,Pass
547,5,308,97.8,A+,Pass
548,5,449,43.81,D,Pass
549,5,378,62.5,C,Pass
550,5,246,41.18,D,Pass
551,5,2,99.9,A+,Pass
552,5,459,26.84,F,Fail
553,5,362,44.06,D,Pass
554,5,391,21.75,F,Fail
555,5,399,69.84,C,Pass
556,5,52,35.25,F,Fail
557,5,442,54.85,D,Pass
558,5,47,20.97,F,Fail
559,5,158,85.59,A,Pass
560,5,321,87.28,A,Pass
561,5,453,63.41,C,Pass
562,5,497,55.07,D,Pass
563,5,416,86.55,A,Pass
564,5,417,85.31,A,Pass
565,5,275,45.38,D,Pass
566,5,209,69.81,C,Pass
567,5,155,32.54,F,Fail
568,5,141,20.74,F,Fail
569,5,80,20.87,F,Fail
570,5,227,59.54,D,Pass
571,5,431,24.05,F,Fail
572,5,282,45.76,D,Pass
573,5,428,38.54,F,Fail
574,5,117,67.08,C,Pass
575,5,348,94.03,A+,Pass
576,5,41,93.15,A+,Pass
577,5,451,49.98,D,Pass
578,5,500,69.01,C,Pass
579,5,225,75.99,B,Pass
580,5,317,21.72,F,Fail
581,5,310,82.41,A,Pass
582,5,4,77.4,B,Pass
583,5,162,64.85,C,Pass
584,5,277,89.96,A,Pass
585,5,136,53.97,D,Pass
586,5,409,23.77,F,Fail
587,5,11,62.68,C,Pass
588,5,303,41.61,D,Pass
589,5,79,96.8,A+,Pass
590,5,157,54.16,D,Pass
591,5,121,81.5,A,Pass
592,5,12,45.17,D,Pass
593,5,39,69.29,C,Pass
594,5,325,21.49,F,Fail
595,5,280,51.51,D,Pass
596,5,393,88.27,A,Pass
597,5,57,48.99,D,Pass
598,5,191,89.93,A,Pass
599,5,380,93.61,A+,Pass
600,5,70,97.29,A+,Pass
601,5,490,28.34,F,Fail
602,5,125,80.96,A,Pass
603,5,186,86.69,A,Pass
604,5,467,97.34,A+,Pass
605,5,221,46.3,D,Pass
606,5,245,39.5,F,Fail
607,5,373,78.08,B,Pass
608,5,81,51.39,D,Pass
609,5,468,45.88,D,Pass
610,5,354,76.61,B,Pass
611,5,407,97.73,A+,Pass
612,5,86,32.0,F,Fail
613,5,404,41.45,D,Pass
614,5,131,59.12,D,Pass
615,5,199,48.17,D,Pass
616,5,370,97.71,A+,Pass
617,5,51,97.47,A+,Pass
618,5,133,66.2,C,Pass
619,5,323,95.73,A+,Pass
620,5,75,31.6,F,Fail
621,5,181,35.1,F,Fail
622,5,66,53.61,D,Pass
623,5,259,79.69,B,Pass
624,5,400,77.98,B,Pass
625,5,15,34.3,F,Fail
626,5,341,66.86,C,Pass
627,5,388,33.79,F,Fail
628,5,84,46.04,D,Pass
629,5,187,95.66,A+,Pass
630,5,222,27.09,F,Fail
631,5,250,28.74,F,Fail
632,5,10,26.4,F,Fail
633,5,471,94.26,A+,Pass
634,5,491,47.53,D,Pass
635,5,495,34.23,F,Fail
636,5,36,61.0,C,Pass
637,5,53,25.24,F,Fail
638,5,265,70.92,B,Pass
639,5,311,75.68,B,Pass
640,5,260,75.08,B,Pass
641,5,328,42.48,D,Pass
642,5,381,33.69,F,Fail
643,5,412,38.21,F,Fail
644,5,114,69.68,C,Pass
645,5,338,95.36,A+,Pass
646,5,203,74.32,B,Pass
647,5,7,26.55,F,Fail
648,5,339,68.04,C,Pass
649,5,435,56.02,D,Pass
650,5,100,22.3,F,Fail
651,5,448,30.38,F,Fail
652,5,215,28.1,F,Fail
653,5,170,84.98,A,Pass
654,5,174,26.47,F,Fail
655,5,83,42.05,D,Pass
656,5,477,46.38,D,Pass
657,5,132,42.05,D,Pass
658,5,35,40.65,D,Pass
659,5,350,82.18,A,Pass
660,5,6,51.55,D,Pass
661,5,164,30.68,F,Fail
662,5,205,75.49,B,Pass
663,5,103,99.6,A+,Pass
664,5,192,36.21,F,Fail
665,5,148,58.05,D,Pass
666,5,314,39.98,F,Fail
667,5,213,82.57,A,Pass
668,5,108,40.33,D,Pass
669,5,27,38.29,F,Fail
670,5,327,75.73,B,Pass
671,5,193,76.99,B,Pass
672,5,397,49.0,D,Pass
673,5,253,85.18,A,Pass
674,5,243,49.42,D,Pass
675,5,229,85.22,A,Pass
676,5,33,36.88,F,Fail
677,5,379,44.57,D,Pass
678,5,466,38.33,F,Fail
679,5,266,83.45,A,Pass
680,6,408,93.98,A+,Pass
681,6,15,24.22,F,Fail
682,6,306,51.92,D,Pass
683,6,348,80.53,A,Pass
684,6,250,39.5,F,Fail
685,6,329,72.48,B,Pass
686,6,303,95.7,A+,Pass
687,6,40,29.17,F,Fail
688,6,423,54.66,D,Pass
689,6,32,62.28,C,Pass
690,6,279,84.58,A,Pass
691,6,259,72.96,B,Pass
692,6,444,50.82,D,Pass
693,6,328,36.17,F,Fail
694,6,282,21.19,F,Fail
695,6,239,52.83,D,Pass
696,6,160,81.6,A,Pass
697,6,451,77.69,B,Pass
698,6,179,69.26,C,Pass
699,6,158,72.75,B,Pass
700,6,252,29.18,F,Fail
701,6,434,21.28,F,Fail
702,6,296,36.65,F,Fail
703,6,204,48.79,D,Pass
704,6,216,96.0,A+,Pass
705,6,464,67.68,C,Pass
706,6,8,24.56,F,Fail
707,6,266,32.18,F,Fail
708,6,275,51.03,D,Pass
709,6,183,40.26,D,Pass
710,6,471,67.79,C,Pass
711,6,81,22.42,F,Fail
712,6,213,65.86,C,Pass
713,6,467,69.67,C,Pass
714,6,420,91.86,A+,Pass
715,6,38,93.91,A+,Pass
716,6,324,97.69,A+,Pass
717,6,23,45.13,D,Pass
718,6,309,57.05,D,Pass
719,6,114,76.36,B,Pass
720,6,327,89.93,A,Pass
721,6,419,46.88,D,Pass
722,6,136,74.82,B,Pass
723,6,350,68.76,C,Pass
724,6,124,79.12,B,Pass
725,6,35,31.37,F,Fail
726,6,120,62.94,C,Pass
727,6,182,65.77,C,Pass
728,6,318,61.56,C,Pass
729,6,376,97.41,A+,Pass
730,6,44,85.45,A,Pass
731,6,122,67.52,C,Pass
732,6,267,34.4,F,Fail
733,6,394,69.24,C,Pass
734,6,193,76.03,B,Pass
735,6,1,23.29,F,Fail
736,6,367,30.63,F,Fail
737,6,280,87.16,A,Pass
738,6,212,25.41,F,Fail
739,6,463,51.16,D,Pass
740,6,103,96.82,A+,Pass
741,6,263,82.21,A,Pass
742,6,425,67.18,C,Pass
743,6,10,87.43,A,Pass
744,6,57,44.37,D,Pass
745,6,68,31.93,F,Fail
746,6,333,31.34,F,Fail
747,6,174,79.41,B,Pass
748,6,128,70.23,B,Pass
749,6,119,68.94,C,Pass
750,6,317,30.67,F,Fail
751,6,398,65.94,C,Pass
752,6,354,87.06,A,Pass
753,6,491,50.25,D,Pass
754,6,197,23.48,F,Fail
755,6,417,30.15,F,Fail
756,6,75,63.32,C,Pass
757,6,248,47.64,D,Pass
758,6,209,60.1,C,Pass
759,6,442,66.41,C,Pass
760,6,49,95.29,A+,Pass
761,6,465,63.08,C,Pass
762,6,368,82.55,A,Pass
763,6,113,85.38,A,Pass
764,6,346,91.39,A+,Pass
765,6,180,72.95,B,Pass
766,6,439,83.65,A,Pass
767,6,378,65.17,C,Pass
768,6,69,85.06,A,Pass
769,6,42,35.83,F,Fail
770,6,483,57.37,D,Pass
771,6,332,70.24,B,Pass
772,6,166,34.3,F,Fail
773,6,406,44.42,D,Pass
774,6,43,41.33,D,Pass
775,6,290,46.13,D,Pass
776,6,100,33.56,F,Fail
777,6,34,88.64,A,Pass
778,6,339,66.01,C,Pass
779,6,82,70.73,B,Pass
780,6,484,36.05,F,Fail
781,6,432,84.49,A,Pass
782,6,340,67.83,C,Pass
783,6,143,50.01,D,Pass
784,6,268,33.75,F,Fail
785,6,312,73.74,B,Pass
786,6,474,38.79,F,Fail
787,6,366,45.09,D,Pass
788,6,190,69.67,C,Pass
789,6,125,20.25,F,Fail
790,6,221,35.21,F,Fail
791,6,409,80.0,A,Pass
792,6,384,97.94,A+,Pass
793,6,452,89.72,A,Pass
794,6,438,54.44,D,Pass
795,6,254,39.61,F,Fail
796,6,16,34.53,F,Fail
797,6,276,21.45,F,Fail
798,6,299,80.57,A,Pass
799,7,197,49.79,D,Pass
800,7,96,81.17,A,Pass
801,7,320,56.21,D,Pass
802,7,25,58.71,D,Pass
803,7,435,68.4,C,Pass
804,7,339,80.78,A,Pass
805,7,55,41.32,D,Pass
806,7,176,87.26,A,Pass
807,7,23,67.37,C,Pass
808,7,432,40.7,D,Pass
809,7,218,99.6,A+,Pass
810,7,290,44.3,D,Pass
811,7,152,67.71,C,Pass
812,7,82,28.56,F,Fail
813,7,236,76.35,B,Pass
814,7,232,88.77,A,Pass
815,7,28,75.45,B,Pass
816,7,375,80.64,A,Pass
817,7,231,99.27,A+,Pass
818,7,383,29.7,F,Fail
819,7,81,48.65,D,Pass
820,7,108,82.01,A,Pass
821,7,385,56.1,D,Pass
822,7,481,52.11,D,Pass
823,7,489,44.12,D,Pass
824,7,355,74.85,B,Pass
825,7,442,77.98,B,Pass
826,7,390,31.17,F,Fail
827,7,239,80.63,A,Pass
828,7,106,62.43,C,Pass
829,7,316,29.66,F,Fail
830,7,220,21.67,F,Fail
831,7,243,53.56,D,Pass
832,7,2,89.33,A,Pass
833,7,367,52.51,D,Pass
834,7,249,41.12,D,Pass
835,7,207,79.8,B,Pass
836,7,469,24.93,F,Fail
837,7,306,21.46,F,Fail
838,7,212,74.93,B,Pass
839,7,260,44.61,D,Pass
840,7,344,98.1,A+,Pass
841,7,64,74.96,B,Pass
842,7,31,97.48,A+,Pass
843,7,431,68.68,C,Pass
844,7,171,67.28,C,Pass
845,7,474,32.7,F,Fail
846,7,244,85.03,A,Pass
847,7,410,75.6,B,Pass
848,7,173,42.06,D,Pass
849,7,447,27.39,F,Fail
850,7,251,92.18,A+,Pass
851,7,377,32.36,F,Fail
852,7,49,88.32,A,Pass
853,7,422,29.0,F,Fail
854,7,42,96.18,A+,Pass
855,7,210,64.31,C,Pass
856,7,493,85.76,A,Pass
857,7,259,56.45,D,Pass
858,7,250,49.61,D,Pass
859,7,38,96.72,A+,Pass
860,7,216,85.49,A,Pass
861,7,125,21.86,F,Fail
862,7,494,60.41,C,Pass
863,7,178,51.86,D,Pass
864,7,321,96.62,A+,Pass
865,7,467,52.78,D,Pass
866,7,261,27.4,F,Fail
867,7,397,40.69,D,Pass
868,7,166,51.35,D,Pass
869,7,382,66.67,C,Pass
870,7,200,25.7,F,Fail
871,7,471,75.46,B,Pass
872,7,203,38.42,F,Fail
873,7,466,74.95,B,Pass
874,7,343,29.46,F,Fail
875,7,36,91.83,A+,Pass
876,7,168,93.73,A+,Pass
877,7,113,36.16,F,Fail
878,7,346,59.31,D,Pass
879,7,402,91.94,A+,Pass
880,7,202,56.61,D,Pass
881,7,275,76.28,B,Pass
882,7,280,25.97,F,Fail
883,7,308,57.46,D,Pass
884,7,116,92.02,A+,Pass
885,7,409,24.52,F,Fail
886,7,215,38.88,F,Fail
887,7,137,83.8,A,Pass
888,7,379,23.61,F,Fail
889,7,149,71.17,B,Pass
890,7,415,53.51,D,Pass
891,7,253,96.09,A+,Pass
892,7,95,28.91,F,Fail
893,7,54,47.93,D,Pass
894,7,234,51.65,D,Pass
895,7,41,89.37,A,Pass
896,7,32,74.85,B,Pass
897,7,156,79.87,B,Pass
898,7,104,66.37,C,Pass
899,7,456,69.73,C,Pass
900,7,134,82.59,A,Pass
901,7,404,77.29,B,Pass
902,7,238,54.55,D,Pass
903,7,269,74.03,B,Pass
904,7,68,48.88,D,Pass
905,7,357,97.88,A+,Pass
906,7,427,31.22,F,Fail
907,7,111,94.93,A+,Pass
908,7,226,82.94,A,Pass
909,7,12,46.36,D,Pass
910,7,460,76.18,B,Pass
911,7,283,88.34,A,Pass
912,7,5,68.57,C,Pass
913,7,378,24.41,F,Fail
914,7,118,41.54,D,Pass
915,7,114,90.79,A+,Pass
916,7,327,30.96,F,Fail
917,7,46,22.64,F,Fail
918,7,258,46.17,D,Pass
919,7,131,45.4,D,Pass
920,7,309,46.52,D,Pass
921,7,128,57.89,D,Pass
922,7,333,77.84,B,Pass
923,7,319,63.02,C,Pass
924,7,374,55.59,D,Pass
925,7,248,36.43,F,Fail
926,7,127,21.5,F,Fail
927,7,485,96.98,A+,Pass
928,7,394,35.1,F,Fail
929,7,109,97.03,A+,Pass
930,7,438,80.26,A,Pass
931,7,451,23.82,F,Fail
932,7,257,40.02,D,Pass
933,7,181,36.99,F,Fail
934,7,192,56.56,D,Pass
935,7,133,20.56,F,Fail
936,7,93,67.98,C,Pass
937,7,211,26.83,F,Fail
938,7,464,80.0,A,Pass
939,7,328,47.96,D,Pass
940,8,118,46.74,D,Pass
941,8,138,44.25,D,Pass
942,8,309,81.77,A,Pass
943,8,257,45.68,D,Pass
944,8,405,92.51,A+,Pass
945,8,51,77.93,B,Pass
946,8,346,78.33,B,Pass
947,8,429,65.33,C,Pass
948,8,376,56.28,D,Pass
949,8,28,59.79,D,Pass
950,8,327,41.26,D,Pass
951,8,306,37.99,F,Fail
952,8,357,97.48,A+,Pass
953,8,314,66.24,C,Pass
954,8,300,37.11,F,Fail
955,8,90,77.9,B,Pass
956,8,213,65.7,C,Pass
957,8,238,53.3,D,Pass
958,8,444,52.49,D,Pass
959,8,56,88.32,A,Pass
960,8,12,83.35,A,Pass
961,8,17,57.05,D,Pass
962,8,350,58.03,D,Pass
963,8,263,43.49,D,Pass
964,8,57,69.47,C,Pass
965,8,410,30.07,F,Fail
966,8,7,68.64,C,Pass
967,8,404,50.03,D,Pass
968,8,128,67.71,C,Pass
969,8,124,74.57,B,Pass
970,8,170,76.81,B,Pass
971,8,302,93.39,A+,Pass
972,8,298,65.88,C,Pass
973,8,109,69.48,C,Pass
974,8,5,88.49,A,Pass
975,8,460,61.92,C,Pass
976,8,416,98.61,A+,Pass
977,8,308,54.36,D,Pass
978,8,345,34.92,F,Fail
979,8,106,88.09,A,Pass
980,8,197,83.87,A,Pass
981,8,156,96.32,A+,Pass
982,8,286,44.84,D,Pass
983,8,443,23.9,F,Fail
984,8,241,60.3,C,Pass
985,8,22,56.89,D,Pass
986,8,58,66.24,C,Pass
987,8,96,32.13,F,Fail
988,8,490,79.42,B,Pass
989,8,463,34.01,F,Fail
990,8,482,43.81,D,Pass
991,8,448,35.67,F,Fail
992,8,273,71.68,B,Pass
993,8,493,37.09,F,Fail
994,8,334,70.88,B,Pass
995,8,430,43.75,D,Pass
996,8,165,86.9,A,Pass
997,8,437,92.79,A+,Pass
998,8,43,21.16,F,Fail
999,8,126,20.83,F,Fail
1000,8,256,62.64,C,Pass
1001,8,193,62.3,C,Pass
1002,8,382,23.79,F,Fail
1003,8,26,87.64,A,Pass
1004,8,222,32.1,F,Fail
1005,8,338,38.68,F,Fail
1006,8,333,77.23,B,Pass
1007,8,297,89.36,A,Pass
1008,8,325,97.42,A+,Pass
1009,8,254,59.33,D,Pass
1010,8,331,59.58,D,Pass
1011,8,99,92.84,A+,Pass
1012,8,152,35.86,F,Fail
1013,8,194,80.44,A,Pass
1014,8,178,79.09,B,Pass
1015,8,127,39.54,F,Fail
1016,8,94,56.68,D,Pass
1017,8,470,95.68,A+,Pass
1018,8,224,80.7,A,Pass
1019,8,353,31.88,F,Fail
1020,8,252,74.82,B,Pass
1021,8,240,60.46,C,Pass
1022,8,356,85.36,A,Pass
1023,8,8,40.96,D,Pass
1024,8,214,59.34,D,Pass
1025,8,216,54.16,D,Pass
1026,8,225,92.87,A+,Pass
1027,8,227,92.07,A+,Pass
1028,8,359,74.73,B,Pass
1029,8,358,70.95,B,Pass
1030,8,81,98.91,A+,Pass
1031,8,324,84.15,A,Pass
1032,8,198,45.17,D,Pass
1033,8,319,25.69,F,Fail
1034,8,44,23.96,F,Fail
1035,8,59,90.11,A+,Pass
1036,8,105,71.59,B,Pass
1037,8,320,52.53,D,Pass
1038,8,278,25.1,F,Fail
1039,8,383,55.16,D,Pass
1040,8,433,24.64,F,Fail
1041,8,80,44.36,D,Pass
1042,8,177,54.62,D,Pass
1043,8,206,96.49,A+,Pass
1044,8,120,60.78,C,Pass
1045,8,412,85.18,A,Pass
1046,8,33,77.66,B,Pass
1047,8,386,60.56,C,Pass
1048,8,341,38.39,F,Fail
1049,8,52,32.76,F,Fail
1050,8,406,62.6,C,Pass
1051,8,30,91.29,A+,Pass
1052,8,196,25.89,F,Fail
1053,8,466,55.82,D,Pass
1054,9,442,20.33,F,Fail
1055,9,142,85.01,A,Pass
1056,9,349,49.66,D,Pass
1057,9,96,93.76,A+,Pass
1058,9,56,48.69,D,Pass
1059,9,122,86.8,A,Pass
1060,9,185,72.11,B,Pass
1061,9,113,45.86,D,Pass
1062,9,270,81.9,A,Pass
1063,9,214,32.06,F,Fail
1064,9,434,46.3,D,Pass
1065,9,222,94.48,A+,Pass
1066,9,415,30.13,F,Fail
1067,9,485,76.58,B,Pass
1068,9,64,91.17,A+,Pass
1069,9,213,45.14,D,Pass
1070,9,166,93.0,A+,Pass
1071,9,154,34.89,F,Fail
1072,9,163,89.55,A,Pass
1073,9,370,20.82,F,Fail
1074,9,184,92.27,A+,Pass
1075,9,391,99.9,A+,Pass
1076,9,207,21.42,F,Fail
1077,9,37,68.79,C,Pass
1078,9,22,81.35,A,Pass
1079,9,452,50.57,D,Pass
1080,9,264,38.46,F,Fail
1081,9,421,51.45,D,Pass
1082,9,248,44.75,D,Pass
1083,9,143,52.46,D,Pass
1084,9,282,85.61,A,Pass
1085,9,460,46.95,D,Pass
1086,9,279,78.34,B,Pass
1087,9,384,27.1,F,Fail
1088,9,348,82.32,A,Pass
1089,9,302,96.99,A+,Pass
1090,9,218,92.51,A+,Pass
1091,9,295,79.92,B,Pass
1092,9,231,51.62,D,Pass
1093,9,486,24.67,F,Fail
1094,9,425,67.72,C,Pass
1095,9,97,86.51,A,Pass
1096,9,293,47.21,D,Pass
1097,9,307,76.85,B,Pass
1098,9,497,52.29,D,Pass
1099,9,364,62.22,C,Pass
1100,9,262,71.31,B,Pass
1101,9,108,65.38,C,Pass
1102,9,453,57.18,D,Pass
1103,9,354,37.76,F,Fail
1104,9,408,39.68,F,Fail
1105,9,195,57.46,D,Pass
1106,9,467,58.77,D,Pass
1107,9,50,97.27,A+,Pass
1108,9,488,35.36,F,Fail
1109,9,128,91.06,A+,Pass
1110,9,463,47.7,D,Pass
1111,9,285,82.21,A,Pass
1112,9,447,42.51,D,Pass
1113,9,298,44.3,D,Pass
1114,9,337,78.5,B,Pass
1115,9,35,40.23,D,Pass
1116,9,284,55.54,D,Pass
1117,9,171,70.99,B,Pass
1118,9,286,38.76,F,Fail
1119,9,161,45.4,D,Pass
1120,9,347,37.42,F,Fail
1121,9,317,36.57,F,Fail
1122,9,31,78.78,B,Pass
1123,9,491,77.35,B,Pass
1124,9,345,30.71,F,Fail
1125,9,225,24.9,F,Fail
1126,9,272,90.76,A+,Pass
1127,9,168,20.87,F,Fail
1128,9,475,49.32,D,Pass
1129,9,406,60.68,C,Pass
1130,9,403,22.73,F,Fail
1131,9,476,55.57,D,Pass
1132,9,310,54.32,D,Pass
1133,9,382,93.2,A+,Pass
1134,9,269,49.43,D,Pass
1135,9,291,90.99,A+,Pass
1136,9,392,25.51,F,Fail
1137,9,33,54.9,D,Pass
1138,9,20,99.34,A+,Pass
1139,9,146,97.35,A+,Pass
1140,9,28,48.04,D,Pass
1141,9,27,84.73,A,Pass
1142,9,158,33.2,F,Fail
1143,9,306,63.84,C,Pass
1144,9,472,90.94,A+,Pass
1145,9,308,71.23,B,Pass
1146,9,500,38.16,F,Fail
1147,9,457,27.65,F,Fail
1148,9,251,54.41,D,Pass
1149,9,464,54.02,D,Pass
1150,9,429,20.91,F,Fail
1151,9,321,53.22,D,Pass
1152,9,45,89.99,A,Pass
1153,9,353,53.1,D,Pass
1154,9,186,76.16,B,Pass
1155,9,170,61.29,C,Pass
1156,9,144,46.24,D,Pass
1157,9,211,21.42,F,Fail
1158,9,423,38.49,F,Fail
1159,9,107,96.14,A+,Pass
1160,9,446,43.53,D,Pass
1161,9,427,43.91,D,Pass
1162,9,181,89.0,A,Pass
1163,9,19,21.11,F,Fail
1164,9,324,24.67,F,Fail
1165,9,289,88.37,A,Pass
1166,9,92,77.28,B,Pass
1167,9,156,73.53,B,Pass
1168,9,458,54.92,D,Pass
1169,9,461,86.62,A,Pass
1170,9,469,62.18,C,Pass
1171,9,495,50.92,D,Pass
1172,9,192,65.92,C,Pass
1173,9,183,73.06,B,Pass
1174,9,160,25.53,F,Fail
1175,9,127,50.58,D,Pass
1176,9,336,57.1,D,Pass
1177,9,471,57.82,D,Pass
1178,9,438,90.55,A+,Pass
1179,9,385,78.51,B,Pass
1180,9,477,81.14,A,Pass
1181,9,85,50.32,D,Pass
1182,9,244,73.57,B,Pass
1183,9,247,37.36,F,Fail
1184,9,352,20.35,F,Fail
1185,9,199,36.2,F,Fail
1186,9,433,75.18,B,Pass
1187,9,343,66.94,C,Pass
1188,9,88,43.02,D,Pass
1189,9,48,76.21,B,Pass
1190,9,90,78.33,B,Pass
1191,9,172,90.61,A+,Pass
1192,9,426,65.43,C,Pass
1193,9,380,99.1,A+,Pass
1194,10,192,81.76,A,Pass
1195,10,147,89.23,A,Pass
1196,10,138,65.31,C,Pass
1197,10,442,69.46,C,Pass
1198,10,369,49.6,D,Pass
1199,10,296,99.07,A+,Pass
1200,10,415,23.85,F,Fail
1201,10,315,71.61,B,Pass
1202,10,2,66.57,C,Pass
1203,10,157,95.34,A+,Pass
1204,10,59,80.25,A,Pass
1205,10,393,79.88,B,Pass
1206,10,136,96.85,A+,Pass
1207,10,484,79.76,B,Pass
1208,10,3,57.91,D,Pass
1209,10,330,55.6,D,Pass
1210,10,462,39.71,F,Fail
1211,10,382,82.53,A,Pass
1212,10,358,33.96,F,Fail
1213,10,295,27.78,F,Fail
1214,10,339,72.69,B,Pass
1215,10,249,87.24,A,Pass
1216,10,126,68.4,C,Pass
1217,10,124,87.31,A,Pass
1218,10,117,71.8,B,Pass
1219,10,39,77.07,B,Pass
1220,10,246,98.16,A+,Pass
1221,10,266,73.65,B,Pass
1222,10,114,73.28,B,Pass
1223,10,371,91.56,A+,Pass
1224,10,427,28.37,F,Fail
1225,10,67,78.35,B,Pass
1226,10,496,30.07,F,Fail
1227,10,405,57.36,D,Pass
1228,10,377,76.99,B,Pass
1229,10,73,80.43,A,Pass
1230,10,304,42.02,D,Pass
1231,10,287,94.04,A+,Pass
1232,10,220,82.07,A,Pass
1233,10,345,37.42,F,Fail
1234,10,18,66.31,C,Pass
1235,10,400,74.28,B,Pass
1236,10,69,56.95,D,Pass
1237,10,216,21.17,F,Fail
1238,10,450,36.84,F,Fail
1239,10,438,43.01,D,Pass
1240,10,270,78.1,B,Pass
1241,10,177,47.95,D,Pass
1242,10,272,78.18,B,Pass
1243,10,342,51.14,D,Pass
1244,10,280,71.95,B,Pass
1245,10,308,24.86,F,Fail
1246,10,477,40.6,D,Pass
1247,10,179,31.47,F,Fail
1248,10,208,71.84,B,Pass
1249,10,499,90.75,A+,Pass
1250,10,356,24.04,F,Fail
1251,10,269,58.28,D,Pass
1252,10,52,41.53,D,Pass
1253,10,453,99.45,A+,Pass
1254,10,298,71.66,B,Pass
1255,10,80,56.98,D,Pass
1256,10,362,48.58,D,Pass
1257,10,454,38.88,F,Fail
1258,10,413,64.92,C,Pass
1259,10,261,60.7,C,Pass
1260,10,336,86.94,A,Pass
1261,10,51,34.67,F,Fail
1262,10,292,36.94,F,Fail
1263,10,487,67.24,C,Pass
1264,10,426,73.7,B,Pass
1265,10,374,24.68,F,Fail
1266,10,201,56.05,D,Pass
1267,10,406,68.19,C,Pass
1268,10,380,70.91,B,Pass
1269,10,89,80.79,A,Pass
1270,10,206,73.94,B,Pass
1271,10,455,74.49,B,Pass
1272,10,353,66.61,C,Pass
1273,10,191,91.71,A+,Pass
1274,10,113,95.3,A+,Pass
1275,10,291,65.05,C,Pass
1276,10,389,91.98,A+,Pass
1277,10,286,99.59,A+,Pass
1278,10,321,25.2,F,Fail
1279,10,210,91.45,A+,Pass
1280,10,129,43.52,D,Pass
1281,10,449,63.61,C,Pass
1282,10,134,39.26,F,Fail
1283,10,401,86.02,A,Pass
1284,10,161,26.98,F,Fail
1285,10,411,23.23,F,Fail
1286,10,27,61.58,C,Pass
1287,10,85,81.8,A,Pass
1288,10,153,22.77,F,Fail
1289,10,327,82.81,A,Pass
1290,10,155,49.76,D,Pass
1291,10,133,57.55,D,Pass
1292,10,322,87.98,A,Pass
1293,10,159,43.61,D,Pass
1294,10,257,23.15,F,Fail
1295,10,414,48.51,D,Pass
1296,10,119,74.94,B,Pass
1297,10,214,73.83,B,Pass
1298,10,381,25.59,F,Fail
1299,10,331,66.34,C,Pass
1300,10,407,99.6,A+,Pass
1301,10,207,23.09,F,Fail
1302,10,11,99.71,A+,Pass
1303,10,189,48.19,D,Pass
1304,10,240,51.13,D,Pass
1305,10,297,94.76,A+,Pass
1306,10,182,59.56,D,Pass
1307,10,12,60.16,C,Pass
1308,10,320,70.79,B,Pass
1309,10,152,20.6,F,Fail
1310,10,86,32.7,F,Fail
1311,10,53,60.57,C,Pass
1312,10,275,47.49,D,Pass
1313,10,176,53.03,D,Pass
1314,11,155,43.25,D,Pass
1315,11,103,31.31,F,Fail
1316,11,309,29.36,F,Fail
1317,11,36,78.63,B,Pass
1318,11,83,68.07,C,Pass
1319,11,254,78.79,B,Pass
1320,11,97,62.63,C,Pass
1321,11,239,91.34,A+,Pass
1322,11,172,47.36,D,Pass
1323,11,328,67.62,C,Pass
1324,11,104,90.73,A+,Pass
1325,11,294,67.08,C,Pass
1326,11,303,39.68,F,Fail
1327,11,229,25.02,F,Fail
1328,11,423,71.14,B,Pass
1329,11,40,97.96,A+,Pass
1330,11,12,52.71,D,Pass
1331,11,125,55.19,D,Pass
1332,11,95,97.09,A+,Pass
1333,11,324,65.2,C,Pass
1334,11,133,66.75,C,Pass
1335,11,482,61.33,C,Pass
1336,11,142,80.56,A,Pass
1337,11,130,49.43,D,Pass
1338,11,424,99.42,A+,Pass
1339,11,477,52.16,D,Pass
1340,11,63,21.74,F,Fail
1341,11,330,90.27,A+,Pass
1342,11,24,67.36,C,Pass
1343,11,132,74.72,B,Pass
1344,11,199,43.32,D,Pass
1345,11,288,64.72,C,Pass
1346,11,280,44.54,D,Pass
1347,11,191,57.35,D,Pass
1348,11,29,98.04,A+,Pass
1349,11,336,64.94,C,Pass
1350,11,224,29.32,F,Fail
1351,11,34,68.65,C,Pass
1352,11,264,77.24,B,Pass
1353,11,448,28.33,F,Fail
1354,11,249,40.01,D,Pass
1355,11,352,73.62,B,Pass
1356,11,378,52.36,D,Pass
1357,11,19,91.28,A+,Pass
1358,11,233,26.1,F,Fail
1359,11,495,80.61,A,Pass
1360,11,86,30.52,F,Fail
1361,11,425,99.48,A+,Pass
1362,11,35,28.65,F,Fail
1363,11,141,85.11,A,Pass
1364,11,91,54.56,D,Pass
1365,11,396,90.9,A+,Pass
1366,11,384,41.44,D,Pass
1367,11,134,33.83,F,Fail
1368,11,473,50.65,D,Pass
1369,11,42,75.66,B,Pass
1370,11,170,24.12,F,Fail
1371,11,421,92.17,A+,Pass
1372,11,301,38.8,F,Fail
1373,11,167,44.75,D,Pass
1374,11,144,87.24,A,Pass
1375,11,185,29.2,F,Fail
1376,11,116,42.38,D,Pass
1377,11,370,73.18,B,Pass
1378,11,406,34.96,F,Fail
1379,11,151,39.08,F,Fail
1380,11,50,82.04,A,Pass
1381,11,4,45.19,D,Pass
1382,11,44,73.34,B,Pass
1383,11,146,81.23,A,Pass
1384,11,51,97.01,A+,Pass
1385,11,420,47.15,D,Pass
1386,11,381,54.39,D,Pass
1387,11,290,80.75,A,Pass
1388,11,314,34.19,F,Fail
1389,11,316,41.65,D,Pass
1390,11,187,45.84,D,Pass
1391,11,119,66.27,C,Pass
1392,11,82,81.17,A,Pass
1393,11,405,42.36,D,Pass
1394,11,98,61.7,C,Pass
1395,11,127,53.75,D,Pass
1396,11,467,89.21,A,Pass
1397,11,124,59.2,D,Pass
1398,11,232,92.01,A+,Pass
1399,11,494,33.45,F,Fail
1400,11,411,87.81,A,Pass
1401,11,206,37.79,F,Fail
1402,11,227,87.29,A,Pass
1403,11,453,97.86,A+,Pass
1404,11,457,71.45,B,Pass
1405,11,196,94.4,A+,Pass
1406,11,461,47.61,D,Pass
1407,11,147,49.76,D,Pass
1408,11,61,30.62,F,Fail
1409,11,348,46.6,D,Pass
1410,11,355,71.34,B,Pass
1411,11,230,37.02,F,Fail
1412,11,49,39.12,F,Fail
1413,11,300,54.78,D,Pass
1414,11,286,49.51,D,Pass
1415,11,160,31.55,F,Fail
1416,11,65,31.29,F,Fail
1417,11,66,30.67,F,Fail
1418,11,306,87.63,A,Pass
1419,11,41,96.81,A+,Pass
1420,11,345,32.42,F,Fail
1421,11,87,40.69,D,Pass
1422,11,10,53.69,D,Pass
1423,11,422,95.99,A+,Pass
1424,11,48,20.79,F,Fail
1425,11,311,39.63,F,Fail
1426,11,76,93.63,A+,Pass
1427,11,89,94.1,A+,Pass
1428,11,358,34.8,F,Fail
1429,11,252,29.18,F,Fail
1430,11,122,62.51,C,Pass
1431,11,145,50.06,D,Pass
1432,11,107,94.21,A+,Pass
1433,11,88,43.63,D,Pass
1434,11,489,47.74,D,Pass
1435,11,418,60.49,C,Pass
1436,11,332,55.86,D,Pass
1437,11,74,51.41,D,Pass
1438,11,438,28.18,F,Fail
1439,11,440,26.24,F,Fail
1440,11,487,85.21,A,Pass
1441,11,326,58.15,D,Pass
1442,11,333,48.35,D,Pass
1443,11,15,47.56,D,Pass
1444,11,222,42.36,D,Pass
1445,11,451,87.82,A,Pass
1446,11,478,99.89,A+,Pass
1447,11,444,28.56,F,Fail
1448,11,266,23.16,F,Fail
1449,11,256,71.19,B,Pass
1450,11,369,78.78,B,Pass
1451,11,246,33.73,F,Fail
1452,11,372,51.31,D,Pass
1453,11,47,53.84,D,Pass
1454,11,9,64.66,C,Pass
1455,11,455,56.03,D,Pass
1456,11,484,56.04,D,Pass
1457,11,498,50.98,D,Pass
1458,12,143,58.03,D,Pass
1459,12,61,42.14,D,Pass
1460,12,374,42.29,D,Pass
1461,12,134,96.52,A+,Pass
1462,12,346,96.33,A+,Pass
1463,12,53,33.9,F,Fail
1464,12,86,71.83,B,Pass
1465,12,421,28.64,F,Fail
1466,12,247,70.34,B,Pass
1467,12,410,63.66,C,Pass
1468,12,187,92.77,A+,Pass
1469,12,100,74.54,B,Pass
1470,12,17,99.84,A+,Pass
1471,12,447,92.6,A+,Pass
1472,12,127,63.08,C,Pass
1473,12,113,99.4,A+,Pass
1474,12,183,57.62,D,Pass
1475,12,180,61.85,C,Pass
1476,12,170,55.89,D,Pass
1477,12,161,21.02,F,Fail
1478,12,327,96.34,A+,Pass
1479,12,280,80.57,A,Pass
1480,12,163,34.84,F,Fail
1481,12,320,87.72,A,Pass
1482,12,265,43.13,D,Pass
1483,12,460,76.74,B,Pass
1484,12,475,71.08,B,Pass
1485,12,46,84.67,A,Pass
1486,12,168,35.86,F,Fail
1487,12,264,50.88,D,Pass
1488,12,31,99.18,A+,Pass
1489,12,335,40.6,D,Pass
1490,12,104,59.14,D,Pass
1491,12,297,72.8,B,Pass
1492,12,385,88.04,A,Pass
1493,12,363,59.6,D,Pass
1494,12,277,56.38,D,Pass
1495,12,178,82.37,A,Pass
1496,12,270,27.32,F,Fail
1497,12,443,66.42,C,Pass
1498,12,109,23.88,F,Fail
1499,12,9,99.26,A+,Pass
1500,12,379,94.56,A+,Pass
1501,12,233,83.11,A,Pass
1502,12,177,32.98,F,Fail
1503,12,360,30.15,F,Fail
1504,12,417,43.53,D,Pass
1505,12,34,60.66,C,Pass
1506,12,424,37.28,F,Fail
1507,12,215,22.06,F,Fail
1508,12,371,77.39,B,Pass
1509,12,246,94.74,A+,Pass
1510,12,121,57.74,D,Pass
1511,12,303,87.88,A,Pass
1512,12,106,75.6,B,Pass
1513,12,137,52.42,D,Pass
1514,12,85,59.99,D,Pass
1515,12,433,46.57,D,Pass
1516,12,223,49.02,D,Pass
1517,12,284,24.09,F,Fail
1518,12,16,37.15,F,Fail
1519,12,69,40.3,D,Pass
1520,12,376,50.84,D,Pass
1521,12,392,98.07,A+,Pass
1522,12,458,43.15,D,Pass
1523,12,124,86.34,A,Pass
1524,12,150,48.99,D,Pass
1525,12,499,60.25,C,Pass
1526,12,427,66.82,C,Pass
1527,12,138,77.27,B,Pass
1528,12,30,40.47,D,Pass
1529,12,156,68.83,C,Pass
1530,12,362,86.43,A,Pass
1531,12,428,95.94,A+,Pass
1532,12,304,67.18,C,Pass
1533,12,382,38.16,F,Fail
1534,12,305,27.72,F,Fail
1535,12,131,49.99,D,Pass
1536,12,494,72.06,B,Pass
1537,12,463,85.4,A,Pass
1538,12,237,86.57,A,Pass
1539,12,52,75.04,B,Pass
1540,12,269,23.88,F,Fail
1541,12,411,71.85,B,Pass
1542,12,40,53.44,D,Pass
1543,12,495,87.76,A,Pass
1544,12,474,36.99,F,Fail
1545,12,319,35.36,F,Fail
1546,12,227,38.05,F,Fail
1547,12,226,38.72,F,Fail
1548,12,42,30.13,F,Fail
1549,12,51,22.53,F,Fail
1550,12,201,70.7,B,Pass
1551,12,146,74.16,B,Pass
1552,12,45,27.53,F,Fail
1553,12,230,42.25,D,Pass
1554,12,24,57.51,D,Pass
1555,12,103,70.47,B,Pass
1556,12,49,87.62,A,Pass
1557,12,423,99.98,A+,Pass
1558,12,332,63.79,C,Pass
1559,12,4,42.85,D,Pass
1560,12,477,74.44,B,Pass
1561,12,278,91.95,A+,Pass
1562,12,212,78.26,B,Pass
1563,12,272,31.76,F,Fail
1564,12,337,20.9,F,Fail
1565,12,176,32.92,F,Fail
1566,12,334,74.02,B,Pass
1567,12,390,44.95,D,Pass
1568,12,39,47.65,D,Pass
1569,12,2,77.43,B,Pass
1570,12,239,90.52,A+,Pass
1571,12,135,38.76,F,Fail
1572,12,419,80.83,A,Pass
1573,12,32,33.09,F,Fail
1574,12,125,73.96,B,Pass
1575,12,55,89.18,A,Pass
1576,13,348,51.09,D,Pass
1577,13,234,46.12,D,Pass
1578,13,414,92.84,A+,Pass
1579,13,18,95.63,A+,Pass
1580,13,210,44.36,D,Pass
1581,13,104,59.39,D,Pass
1582,13,497,96.2,A+,Pass
1583,13,446,96.66,A+,Pass
1584,13,252,70.16,B,Pass
1585,13,435,56.01,D,Pass
1586,13,278,35.22,F,Fail
1587,13,228,39.88,F,Fail
1588,13,3,70.19,B,Pass
1589,13,231,73.69,B,Pass
1590,13,338,33.29,F,Fail
1591,13,40,63.7,C,Pass
1592,13,355,74.84,B,Pass
1593,13,211,84.51,A,Pass
1594,13,214,70.53,B,Pass
1595,13,342,46.89,D,Pass
1596,13,273,23.29,F,Fail
1597,13,285,88.94,A,Pass
1598,13,33,42.14,D,Pass
1599,13,254,27.71,F,Fail
1600,13,357,42.83,D,Pass
1601,13,88,47.9,D,Pass
1602,13,277,75.19,B,Pass
1603,13,44,96.8,A+,Pass
1604,13,101,40.22,D,Pass
1605,13,484,32.14,F,Fail
1606,13,393,40.71,D,Pass
1607,13,138,39.12,F,Fail
1608,13,253,50.69,D,Pass
1609,13,344,80.09,A,Pass
1610,13,189,72.58,B,Pass
1611,13,336,43.54,D,Pass
1612,13,420,42.7,D,Pass
1613,13,289,98.95,A+,Pass
1614,13,99,50.67,D,Pass
1615,13,382,24.71,F,Fail
1616,13,276,23.31,F,Fail
1617,13,192,99.82,A+,Pass
1618,13,306,59.08,D,Pass
1619,13,275,85.71,A,Pass
1620,13,179,58.86,D,Pass
1621,13,309,90.1,A+,Pass
1622,13,268,85.48,A,Pass
1623,13,38,40.14,D,Pass
1624,13,135,52.34,D,Pass
1625,13,49,72.48,B,Pass
1626,13,328,72.78,B,Pass
1627,13,128,75.83,B,Pass
1628,13,183,21.74,F,Fail
1629,13,475,80.61,A,Pass
1630,13,176,81.37,A,Pass
1631,13,29,82.03,A,Pass
1632,13,323,25.99,F,Fail
1633,13,77,87.06,A,Pass
1634,13,454,91.31,A+,Pass
1635,13,462,31.36,F,Fail
1636,13,474,30.08,F,Fail
1637,13,79,55.34,D,Pass
1638,13,288,26.58,F,Fail
1639,13,361,70.27,B,Pass
1640,13,294,53.63,D,Pass
1641,13,398,45.21,D,Pass
1642,13,269,62.78,C,Pass
1643,13,313,90.45,A+,Pass
1644,13,367,22.99,F,Fail
1645,13,110,39.47,F,Fail
1646,13,499,20.78,F,Fail
1647,13,73,76.32,B,Pass
1648,13,148,67.54,C,Pass
1649,13,156,67.6,C,Pass
1650,13,118,56.34,D,Pass
1651,13,119,78.93,B,Pass
1652,13,46,45.37,D,Pass
1653,13,137,78.84,B,Pass
1654,13,191,49.96,D,Pass
1655,13,466,85.52,A,Pass
1656,13,470,53.64,D,Pass
1657,13,170,54.32,D,Pass
1658,13,152,42.28,D,Pass
1659,13,16,94.01,A+,Pass
1660,13,452,87.6,A,Pass
1661,13,493,98.05,A+,Pass
1662,13,443,98.02,A+,Pass
1663,13,372,33.65,F,Fail
1664,13,324,34.54,F,Fail
1665,13,449,95.33,A+,Pass
1666,13,166,42.03,D,Pass
1667,13,96,26.54,F,Fail
1668,13,97,92.29,A+,Pass
1669,13,174,20.91,F,Fail
1670,13,455,55.13,D,Pass
1671,13,71,78.4,B,Pass
1672,13,61,62.28,C,Pass
1673,13,167,40.9,D,Pass
1674,13,114,35.44,F,Fail
1675,13,415,41.97,D,Pass
1676,13,272,46.39,D,Pass
1677,13,147,84.97,A,Pass
1678,13,25,55.38,D,Pass
1679,13,279,85.8,A,Pass
1680,13,142,65.13,C,Pass
1681,13,488,31.82,F,Fail
1682,13,383,54.78,D,Pass
1683,13,477,95.65,A+,Pass
1684,13,301,78.66,B,Pass
1685,13,371,78.42,B,Pass
1686,13,280,55.78,D,Pass
1687,13,476,45.9,D,Pass
1688,13,343,66.74,C,Pass
1689,13,224,68.32,C,Pass
1690,13,215,74.26,B,Pass
1691,13,360,46.55,D,Pass
1692,14,192,55.81,D,Pass
1693,14,388,65.52,C,Pass
1694,14,376,37.51,F,Fail
1695,14,79,40.35,D,Pass
1696,14,429,59.4,D,Pass
1697,14,144,61.16,C,Pass
1698,14,169,43.11,D,Pass
1699,14,132,69.46,C,Pass
1700,14,64,75.99,B,Pass
1701,14,311,51.67,D,Pass
1702,14,217,65.18,C,Pass
1703,14,413,43.13,D,Pass
1704,14,359,77.97,B,Pass
1705,14,264,92.62,A+,Pass
1706,14,460,77.97,B,Pass
1707,14,303,48.69,D,Pass
1708,14,404,88.28,A,Pass
1709,14,461,20.4,F,Fail
1710,14,161,34.09,F,Fail
1711,14,291,35.9,F,Fail
1712,14,365,86.23,A,Pass
1713,14,231,30.56,F,Fail
1714,14,116,74.18,B,Pass
1715,14,30,87.0,A,Pass
1716,14,95,76.73,B,Pass
1717,14,375,49.74,D,Pass
1718,14,191,56.21,D,Pass
1719,14,499,37.46,F,Fail
1720,14,201,66.12,C,Pass
1721,14,202,74.14,B,Pass
1722,14,134,23.02,F,Fail
1723,14,152,92.7,A+,Pass
1724,14,99,62.57,C,Pass
1725,14,226,44.17,D,Pass
1726,14,38,85.47,A,Pass
1727,14,463,22.14,F,Fail
1728,14,135,47.72,D,Pass
1729,14,392,79.91,B,Pass
1730,14,15,25.27,F,Fail
1731,14,488,23.36,F,Fail
1732,14,164,85.33,A,Pass
1733,14,103,67.67,C,Pass
1734,14,166,21.23,F,Fail
1735,14,86,42.5,D,Pass
1736,14,223,27.07,F,Fail
1737,14,89,81.94,A,Pass
1738,14,25,95.7,A+,Pass
1739,14,118,42.15,D,Pass
1740,14,214,63.01,C,Pass
1741,14,121,37.51,F,Fail
1742,14,155,88.18,A,Pass
1743,14,114,61.13,C,Pass
1744,14,455,97.52,A+,Pass
1745,14,315,59.0,D,Pass
1746,14,49,76.37,B,Pass
1747,14,177,22.11,F,Fail
1748,14,22,72.07,B,Pass
1749,14,356,36.5,F,Fail
1750,14,50,94.5,A+,Pass
1751,14,268,91.33,A+,Pass
1752,14,281,56.57,D,Pass
1753,14,4,55.15,D,Pass
1754,14,106,85.06,A,Pass
1755,14,11,37.33,F,Fail
1756,14,157,99.11,A+,Pass
1757,14,151,24.58,F,Fail
1758,14,331,57.27,D,Pass
1759,14,468,28.17,F,Fail
1760,14,180,96.61,A+,Pass
1761,14,352,71.77,B,Pass
1762,14,31,22.36,F,Fail
1763,14,182,71.46,B,Pass
1764,14,387,23.14,F,Fail
1765,14,44,60.55,C,Pass
1766,14,131,99.14,A+,Pass
1767,14,200,72.28,B,Pass
1768,14,24,39.63,F,Fail
1769,14,165,62.34,C,Pass
1770,14,285,54.54,D,Pass
1771,14,475,47.56,D,Pass
1772,14,242,22.71,F,Fail
1773,14,123,85.24,A,Pass
1774,14,84,65.97,C,Pass
1775,14,109,73.12,B,Pass
1776,14,309,59.62,D,Pass
1777,14,469,39.87,F,Fail
1778,14,289,27.75,F,Fail
1779,14,299,95.4,A+,Pass
1780,14,278,37.3,F,Fail
1781,14,146,36.62,F,Fail
1782,14,224,77.94,B,Pass
1783,14,420,44.23,D,Pass
1784,14,252,83.2,A,Pass
1785,14,412,28.59,F,Fail
1786,14,459,77.94,B,Pass
1787,14,184,96.89,A+,Pass
1788,14,350,68.89,C,Pass
1789,14,386,47.98,D,Pass
1790,14,439,60.25,C,Pass
1791,14,167,26.63,F,Fail
1792,14,269,81.77,A,Pass
1793,14,1,67.59,C,Pass
1794,14,87,82.65,A,Pass
1795,15,167,55.18,D,Pass
1796,15,388,30.62,F,Fail
1797,15,151,63.36,C,Pass
1798,15,489,37.61,F,Fail
1799,15,242,54.88,D,Pass
1800,15,9,73.08,B,Pass
1801,15,203,30.91,F,Fail
1802,15,377,91.95,A+,Pass
1803,15,492,61.02,C,Pass
1804,15,293,72.38,B,Pass
1805,15,387,73.44,B,Pass
1806,15,169,41.48,D,Pass
1807,15,24,48.95,D,Pass
1808,15,40,60.87,C,Pass
1809,15,355,91.06,A+,Pass
1810,15,312,99.51,A+,Pass
1811,15,421,22.1,F,Fail
1812,15,338,93.42,A+,Pass
1813,15,322,99.13,A+,Pass
1814,15,341,60.93,C,Pass
1815,15,209,96.73,A+,Pass
1816,15,463,45.14,D,Pass
1817,15,163,83.38,A,Pass
1818,15,267,57.07,D,Pass
1819,15,434,31.41,F,Fail
1820,15,207,62.59,C,Pass
1821,15,58,67.15,C,Pass
1822,15,285,64.27,C,Pass
1823,15,304,99.42,A+,Pass
1824,15,217,93.09,A+,Pass
1825,15,45,94.4,A+,Pass
1826,15,201,27.09,F,Fail
1827,15,13,49.44,D,Pass
1828,15,124,60.79,C,Pass
1829,15,412,46.7,D,Pass
1830,15,471,45.2,D,Pass
1831,15,468,74.23,B,Pass
1832,15,346,27.59,F,Fail
1833,15,405,71.35,B,Pass
1834,15,223,95.01,A+,Pass
1835,15,444,61.13,C,Pass
1836,15,26,91.61,A+,Pass
1837,15,243,26.34,F,Fail
1838,15,86,24.63,F,Fail
1839,15,481,43.5,D,Pass
1840,15,135,62.17,C,Pass
1841,15,187,27.19,F,Fail
1842,15,292,97.26,A+,Pass
1843,15,385,73.97,B,Pass
1844,15,299,39.03,F,Fail
1845,15,336,60.22,C,Pass
1846,15,474,27.71,F,Fail
1847,15,54,47.15,D,Pass
1848,15,323,37.48,F,Fail
1849,15,71,93.76,A+,Pass
1850,15,496,93.38,A+,Pass
1851,15,48,86.95,A,Pass
1852,15,498,25.42,F,Fail
1853,15,422,66.59,C,Pass
1854,15,63,28.47,F,Fail
1855,15,227,29.68,F,Fail
1856,15,478,21.91,F,Fail
1857,15,35,98.33,A+,Pass
1858,15,470,64.39,C,Pass
1859,15,29,71.98,B,Pass
1860,15,269,45.02,D,Pass
1861,15,205,76.67,B,Pass
1862,15,416,28.68,F,Fail
1863,15,70,56.65,D,Pass
1864,15,218,74.06,B,Pass
1865,15,229,51.32,D,Pass
1866,15,371,22.73,F,Fail
1867,15,19,83.32,A,Pass
1868,15,331,85.1,A,Pass
1869,15,165,60.7,C,Pass
1870,15,423,35.79,F,Fail
1871,15,115,38.17,F,Fail
1872,15,475,65.43,C,Pass
1873,15,147,80.44,A,Pass
1874,15,133,86.04,A,Pass
1875,15,199,85.35,A,Pass
1876,15,61,65.75,C,Pass
1877,15,139,44.6,D,Pass
1878,15,298,82.78,A,Pass
1879,15,11,92.89,A+,Pass
1880,15,57,98.98,A+,Pass
1881,15,321,32.6,F,Fail
1882,15,179,99.13,A+,Pass
1883,15,162,50.4,D,Pass
1884,15,108,79.62,B,Pass
1885,15,32,41.38,D,Pass
1886,15,232,52.82,D,Pass
1887,15,94,49.96,D,Pass
1888,15,276,77.35,B,Pass
1889,15,389,35.46,F,Fail
1890,15,290,86.8,A,Pass
1891,15,268,67.82,C,Pass
1892,15,249,87.57,A,Pass
1893,15,495,43.52,D,Pass
1894,15,365,22.39,F,Fail
1895,15,302,86.18,A,Pass
1896,15,491,60.77,C,Pass
1897,15,278,81.33,A,Pass
1898,15,15,75.04,B,Pass
1899,15,235,54.72,D,Pass
1900,15,240,94.82,A+,Pass
1901,15,484,84.59,A,Pass
1902,16,421,97.28,A+,Pass
1903,16,494,28.99,F,Fail
1904,16,118,39.28,F,Fail
1905,16,1,73.7,B,Pass
1906,16,426,42.69,D,Pass
1907,16,159,49.39,D,Pass
1908,16,169,72.77,B,Pass
1909,16,186,60.07,C,Pass
1910,16,390,50.01,D,Pass
1911,16,19,91.46,A+,Pass
1912,16,162,25.83,F,Fail
1913,16,322,72.52,B,Pass
1914,16,37,89.87,A,Pass
1915,16,88,27.06,F,Fail
1916,16,499,79.03,B,Pass
1917,16,6,58.49,D,Pass
1918,16,217,96.7,A+,Pass
1919,16,395,48.46,D,Pass
1920,16,440,42.2,D,Pass
1921,16,299,48.01,D,Pass
1922,16,294,22.61,F,Fail
1923,16,460,29.13,F,Fail
1924,16,206,39.1,F,Fail
1925,16,374,74.7,B,Pass
1926,16,462,61.98,C,Pass
1927,16,406,76.63,B,Pass
1928,16,106,49.54,D,Pass
1929,16,220,62.56,C,Pass
1930,16,231,84.79,A,Pass
1931,16,346,40.65,D,Pass
1932,16,488,54.47,D,Pass
1933,16,420,48.77,D,Pass
1934,16,367,57.78,D,Pass
1935,16,43,40.42,D,Pass
1936,16,134,74.6,B,Pass
1937,16,264,90.77,A+,Pass
1938,16,34,78.89,B,Pass
1939,16,388,89.98,A,Pass
1940,16,40,33.42,F,Fail
1941,16,365,85.78,A,Pass
1942,16,301,58.03,D,Pass
1943,16,244,22.34,F,Fail
1944,16,89,27.12,F,Fail
1945,16,117,52.81,D,Pass
1946,16,109,89.95,A,Pass
1947,16,391,74.93,B,Pass
1948,16,358,22.48,F,Fail
1949,16,330,81.76,A,Pass
1950,16,228,93.65,A+,Pass
1951,16,204,28.25,F,Fail
1952,16,200,88.54,A,Pass
1953,16,164,24.22,F,Fail
1954,16,212,97.05,A+,Pass
1955,16,259,51.77,D,Pass
1956,16,408,35.29,F,Fail
1957,16,173,34.32,F,Fail
1958,16,258,72.85,B,Pass
1959,16,99,87.0,A,Pass
1960,16,129,37.7,F,Fail
1961,16,370,36.06,F,Fail
1962,16,318,39.13,F,Fail
1963,16,422,85.59,A,Pass
1964,16,393,41.75,D,Pass
1965,16,436,39.94,F,Fail
1966,16,124,50.62,D,Pass
1967,16,320,70.52,B,Pass
1968,16,311,95.13,A+,Pass
1969,16,215,24.74,F,Fail
1970,16,116,83.72,A,Pass
1971,16,230,61.55,C,Pass
1972,16,377,32.74,F,Fail
1973,16,45,96.65,A+,Pass
1974,16,101,91.72,A+,Pass
1975,16,224,39.66,F,Fail
1976,16,29,94.4,A+,Pass
1977,16,279,76.1,B,Pass
1978,16,285,38.11,F,Fail
1979,16,381,55.94,D,Pass
1980,16,114,37.95,F,Fail
1981,16,209,68.35,C,Pass
1982,16,49,89.16,A,Pass
1983,16,17,66.7,C,Pass
1984,16,297,43.4,D,Pass
1985,16,413,29.24,F,Fail
1986,16,181,86.17,A,Pass
1987,16,386,65.11,C,Pass
1988,16,372,35.35,F,Fail
1989,16,42,58.09,D,Pass
1990,16,474,53.79,D,Pass
1991,16,221,25.02,F,Fail
1992,16,313,81.86,A,Pass
1993,16,107,57.2,D,Pass
1994,16,368,64.72,C,Pass
1995,16,15,91.4,A+,Pass
1996,16,343,34.5,F,Fail
1997,16,59,91.65,A+,Pass
1998,16,357,86.42,A,Pass
1999,16,139,98.41,A+,Pass
2000,16,350,72.67,B,Pass
2001,16,202,76.68,B,Pass
2002,16,378,20.82,F,Fail
2003,16,407,97.62,A+,Pass
2004,16,182,77.89,B,Pass
2005,16,454,94.57,A+,Pass
2006,16,226,44.75,D,Pass
2007,16,356,86.03,A,Pass
2008,16,103,22.36,F,Fail
2009,16,271,40.07,D,Pass
2010,16,165,81.29,A,Pass
2011,16,2,84.25,A,Pass
2012,16,254,91.78,A+,Pass
2013,16,286,33.73,F,Fail
2014,17,488,54.13,D,Pass
2015,17,404,72.75,B,Pass
2016,17,374,74.87,B,Pass
2017,17,46,91.94,A+,Pass
2018,17,489,77.97,B,Pass
2019,17,327,43.03,D,Pass
2020,17,80,25.43,F,Fail
2021,17,496,43.05,D,Pass
2022,17,255,36.52,F,Fail
2023,17,127,97.7,A+,Pass
2024,17,132,26.33,F,Fail
2025,17,445,37.05,F,Fail
2026,17,21,21.14,F,Fail
2027,17,341,65.35,C,Pass
2028,17,202,35.03,F,Fail
2029,17,446,86.86,A,Pass
2030,17,71,29.89,F,Fail
2031,17,370,64.19,C,Pass
2032,17,115,45.99,D,Pass
2033,17,419,55.54,D,Pass
2034,17,268,70.23,B,Pass
2035,17,315,86.31,A,Pass
2036,17,126,44.62,D,Pass
2037,17,194,97.88,A+,Pass
2038,17,332,68.41,C,Pass
2039,17,449,61.93,C,Pass
2040,17,4,69.28,C,Pass
2041,17,249,29.47,F,Fail
2042,17,154,25.79,F,Fail
2043,17,135,42.64,D,Pass
2044,17,424,76.57,B,Pass
2045,17,444,27.22,F,Fail
2046,17,379,59.82,D,Pass
2047,17,364,22.17,F,Fail
2048,17,466,33.32,F,Fail
2049,17,118,83.68,A,Pass
2050,17,285,21.03,F,Fail
2051,17,64,45.13,D,Pass
2052,17,228,41.01,D,Pass
2053,17,36,48.46,D,Pass
2054,17,235,73.39,B,Pass
2055,17,210,25.63,F,Fail
2056,17,408,88.13,A,Pass
2057,17,208,71.92,B,Pass
2058,17,291,53.41,D,Pass
2059,17,339,20.38,F,Fail
2060,17,306,30.21,F,Fail
2061,17,256,88.4,A,Pass
2062,17,321,41.15,D,Pass
2063,17,381,91.85,A+,Pass
2064,17,103,54.18,D,Pass
2065,17,241,45.49,D,Pass
2066,17,168,51.79,D,Pass
2067,17,296,74.02,B,Pass
2068,17,87,26.16,F,Fail
2069,17,362,82.83,A,Pass
2070,17,418,74.51,B,Pass
2071,17,166,87.09,A,Pass
2072,17,354,59.3,D,Pass
2073,17,22,49.2,D,Pass
2074,17,189,74.82,B,Pass
2075,17,123,65.51,C,Pass
2076,17,59,63.91,C,Pass
2077,17,214,44.81,D,Pass
2078,17,227,89.43,A,Pass
2079,17,102,43.56,D,Pass
2080,17,330,47.92,D,Pass
2081,17,447,98.02,A+,Pass
2082,17,284,69.37,C,Pass
2083,17,75,37.58,F,Fail
2084,17,182,80.25,A,Pass
2085,17,280,32.37,F,Fail
2086,17,231,29.12,F,Fail
2087,17,111,56.58,D,Pass
2088,17,312,95.15,A+,Pass
2089,17,196,89.73,A,Pass
2090,17,477,75.42,B,Pass
2091,17,398,50.93,D,Pass
2092,17,416,36.31,F,Fail
2093,17,461,44.89,D,Pass
2094,17,246,92.77,A+,Pass
2095,17,329,71.53,B,Pass
2096,17,431,91.96,A+,Pass
2097,17,311,60.41,C,Pass
2098,17,109,62.8,C,Pass
2099,17,405,25.92,F,Fail
2100,17,400,87.28,A,Pass
2101,17,478,23.74,F,Fail
2102,17,106,23.59,F,Fail
2103,17,234,79.79,B,Pass
2104,17,372,41.69,D,Pass
2105,17,473,51.72,D,Pass
2106,17,143,41.46,D,Pass
2107,17,308,45.78,D,Pass
2108,17,474,81.93,A,Pass
2109,17,385,43.48,D,Pass
2110,17,427,49.1,D,Pass
2111,17,305,74.63,B,Pass
2112,17,23,82.83,A,Pass
2113,17,12,37.86,F,Fail
2114,17,422,63.65,C,Pass
2115,17,283,76.22,B,Pass
2116,17,412,98.82,A+,Pass
2117,17,151,37.71,F,Fail
2118,17,187,63.83,C,Pass
2119,17,10,68.59,C,Pass
2120,17,307,90.39,A+,Pass
2121,17,304,25.57,F,Fail
2122,17,197,97.1,A+,Pass
2123,17,70,29.39,F,Fail
2124,17,267,79.81,B,Pass
2125,17,456,48.28,D,Pass
2126,17,428,39.95,F,Fail
2127,17,25,98.65,A+,Pass
2128,17,454,87.31,A,Pass
2129,17,384,24.79,F,Fail
2130,17,229,27.63,F,Fail
2131,17,150,88.86,A,Pass
2132,17,30,50.75,D,Pass
2133,17,169,75.74,B,Pass
2134,17,425,71.03,B,Pass
2135,17,279,61.42,C,Pass
2136,17,51,65.41,C,Pass
2137,17,19,69.1,C,Pass
2138,17,490,84.68,A,Pass
2139,17,269,67.14,C,Pass
2140,17,67,26.47,F,Fail
2141,17,298,63.44,C,Pass
2142,17,178,35.99,F,Fail
2143,17,407,72.34,B,Pass
2144,17,498,27.75,F,Fail
2145,17,460,62.67,C,Pass
2146,17,147,33.41,F,Fail
2147,17,356,34.59,F,Fail
2148,17,2,64.67,C,Pass
2149,17,347,43.58,D,Pass
2150,17,76,87.79,A,Pass
2151,17,313,21.51,F,Fail
2152,18,197,50.21,D,Pass
2153,18,161,73.43,B,Pass
2154,18,382,50.56,D,Pass
2155,18,1,97.51,A+,Pass
2156,18,397,28.84,F,Fail
2157,18,206,89.57,A,Pass
2158,18,443,77.8,B,Pass
2159,18,302,40.02,D,Pass
2160,18,219,91.45,A+,Pass
2161,18,358,60.0,C,Pass
2162,18,77,52.02,D,Pass
2163,18,61,94.69,A+,Pass
2164,18,218,78.08,B,Pass
2165,18,113,74.43,B,Pass
2166,18,395,72.83,B,Pass
2167,18,135,62.24,C,Pass
2168,18,236,75.06,B,Pass
2169,18,403,38.44,F,Fail
2170,18,414,62.61,C,Pass
2171,18,93,51.62,D,Pass
2172,18,470,91.37,A+,Pass
2173,18,371,37.47,F,Fail
2174,18,60,82.16,A,Pass
2175,18,176,20.77,F,Fail
2176,18,54,29.2,F,Fail
2177,18,145,34.22,F,Fail
2178,18,293,79.79,B,Pass
2179,18,127,95.12,A+,Pass
2180,18,432,61.79,C,Pass
2181,18,498,44.55,D,Pass
2182,18,149,27.68,F,Fail
2183,18,115,62.7,C,Pass
2184,18,251,20.85,F,Fail
2185,18,62,25.72,F,Fail
2186,18,278,79.03,B,Pass
2187,18,79,42.5,D,Pass
2188,18,100,82.71,A,Pass
2189,18,410,21.62,F,Fail
2190,18,322,59.8,D,Pass
2191,18,76,75.33,B,Pass
2192,18,163,42.66,D,Pass
2193,18,473,45.52,D,Pass
2194,18,481,83.38,A,Pass
2195,18,238,51.94,D,Pass
2196,18,457,29.38,F,Fail
2197,18,266,41.82,D,Pass
2198,18,466,95.45,A+,Pass
2199,18,181,69.71,C,Pass
2200,18,327,38.58,F,Fail
2201,18,291,22.13,F,Fail
2202,18,352,22.48,F,Fail
2203,18,489,48.94,D,Pass
2204,18,364,99.49,A+,Pass
2205,18,497,26.34,F,Fail
2206,18,361,91.21,A+,Pass
2207,18,38,96.52,A+,Pass
2208,18,316,95.97,A+,Pass
2209,18,325,60.8,C,Pass
2210,18,386,99.35,A+,Pass
2211,18,184,87.7,A,Pass
2212,18,188,59.28,D,Pass
2213,18,284,98.52,A+,Pass
2214,18,417,77.53,B,Pass
2215,18,467,49.91,D,Pass
2216,18,320,86.43,A,Pass
2217,18,15,62.02,C,Pass
2218,18,430,50.09,D,Pass
2219,18,57,68.77,C,Pass
2220,18,338,29.39,F,Fail
2221,18,168,72.57,B,Pass
2222,18,24,32.8,F,Fail
2223,18,362,81.57,A,Pass
2224,18,412,98.53,A+,Pass
2225,18,169,99.13,A+,Pass
2226,18,190,99.81,A+,Pass
2227,18,315,54.99,D,Pass
2228,18,428,31.83,F,Fail
2229,18,313,88.88,A,Pass
2230,18,317,83.09,A,Pass
2231,18,40,74.4,B,Pass
2232,18,42,71.12,B,Pass
2233,18,276,76.82,B,Pass
2234,18,456,86.07,A,Pass
2235,18,55,28.06,F,Fail
2236,18,211,32.77,F,Fail
2237,18,26,74.08,B,Pass
2238,18,153,31.71,F,Fail
2239,18,326,79.66,B,Pass
2240,18,133,56.64,D,Pass
2241,18,440,45.36,D,Pass
2242,18,227,88.19,A,Pass
2243,18,136,75.27,B,Pass
2244,18,10,48.97,D,Pass
2245,18,71,43.39,D,Pass
2246,18,336,22.56,F,Fail
2247,18,353,23.98,F,Fail
2248,18,480,33.17,F,Fail
2249,18,258,58.32,D,Pass
2250,18,4,44.27,D,Pass
2251,18,74,28.12,F,Fail
2252,18,339,23.38,F,Fail
2253,18,351,83.87,A,Pass
2254,18,173,40.33,D,Pass
2255,18,496,97.36,A+,Pass
2256,18,492,43.67,D,Pass
2257,18,14,85.59,A,Pass
2258,18,272,69.05,C,Pass
2259,18,142,62.23,C,Pass
2260,18,237,35.53,F,Fail
2261,18,35,63.46,C,Pass
2262,18,248,57.94,D,Pass
2263,18,45,51.95,D,Pass
2264,18,205,59.46,D,Pass
2265,18,215,61.47,C,Pass
2266,18,47,93.71,A+,Pass
2267,18,279,29.56,F,Fail
2268,18,84,79.57,B,Pass
2269,18,17,43.81,D,Pass
2270,18,108,70.69,B,Pass
2271,18,99,84.94,A,Pass
2272,18,422,43.52,D,Pass
2273,18,493,94.08,A+,Pass
2274,18,119,32.28,F,Fail
2275,18,63,45.9,D,Pass
2276,18,139,61.67,C,Pass
2277,18,81,79.1,B,Pass
2278,18,97,98.83,A+,Pass
2279,19,169,48.36,D,Pass
2280,19,69,47.1,D,Pass
2281,19,392,28.49,F,Fail
2282,19,50,68.1,C,Pass
2283,19,405,46.08,D,Pass
2284,19,71,51.09,D,Pass
2285,19,193,31.37,F,Fail
2286,19,500,84.54,A,Pass
2287,19,181,46.35,D,Pass
2288,19,246,95.28,A+,Pass
2289,19,121,86.48,A,Pass
2290,19,115,90.25,A+,Pass
2291,19,473,42.69,D,Pass
2292,19,369,52.03,D,Pass
2293,19,387,91.29,A+,Pass
2294,19,217,89.51,A,Pass
2295,19,390,97.14,A+,Pass
2296,19,277,54.24,D,Pass
2297,19,414,50.71,D,Pass
2298,19,61,29.51,F,Fail
2299,19,228,69.34,C,Pass
2300,19,171,70.2,B,Pass
2301,19,483,81.29,A,Pass
2302,19,156,99.9,A+,Pass
2303,19,495,88.14,A,Pass
2304,19,345,21.58,F,Fail
2305,19,428,33.28,F,Fail
2306,19,154,63.84,C,Pass
2307,19,249,52.79,D,Pass
2308,19,66,95.46,A+,Pass
2309,19,342,86.67,A,Pass
2310,19,131,94.32,A+,Pass
2311,19,440,43.16,D,Pass
2312,19,404,58.54,D,Pass
2313,19,458,59.79,D,Pass
2314,19,126,91.97,A+,Pass
2315,19,98,92.63,A+,Pass
2316,19,328,41.34,D,Pass
2317,19,319,80.14,A,Pass
2318,19,352,98.09,A+,Pass
2319,19,278,88.79,A,Pass
2320,19,114,43.12,D,Pass
2321,19,265,67.7,C,Pass
2322,19,33,77.16,B,Pass
2323,19,84,53.18,D,Pass
2324,19,152,65.07,C,Pass
2325,19,442,70.0,B,Pass
2326,19,74,91.3,A+,Pass
2327,19,426,62.17,C,Pass
2328,19,415,22.79,F,Fail
2329,19,384,23.87,F,Fail
2330,19,233,52.18,D,Pass
2331,19,134,35.16,F,Fail
2332,19,315,58.05,D,Pass
2333,19,199,42.23,D,Pass
2334,19,469,63.4,C,Pass
2335,19,299,94.38,A+,Pass
2336,19,231,80.01,A,Pass
2337,19,324,59.43,D,Pass
2338,19,232,41.71,D,Pass
2339,19,283,40.62,D,Pass
2340,19,177,30.21,F,Fail
2341,19,168,44.79,D,Pass
2342,19,48,91.03,A+,Pass
2343,19,347,64.03,C,Pass
2344,19,450,94.55,A+,Pass
2345,19,466,23.66,F,Fail
2346,19,92,89.2,A,Pass
2347,19,338,64.79,C,Pass
2348,19,45,41.35,D,Pass
2349,19,267,23.78,F,Fail
2350,19,136,55.77,D,Pass
2351,19,474,29.43,F,Fail
2352,19,211,63.72,C,Pass
2353,19,256,46.76,D,Pass
2354,19,229,68.8,C,Pass
2355,19,398,56.72,D,Pass
2356,19,382,20.47,F,Fail
2357,19,289,42.87,D,Pass
2358,19,443,89.72,A,Pass
2359,19,241,51.02,D,Pass
2360,19,418,36.44,F,Fail
2361,19,122,85.59,A,Pass
2362,19,25,55.33,D,Pass
2363,19,46,88.81,A,Pass
2364,19,460,53.63,D,Pass
2365,19,236,76.85,B,Pass
2366,19,29,89.99,A,Pass
2367,19,327,51.26,D,Pass
2368,19,140,35.25,F,Fail
2369,19,245,80.16,A,Pass
2370,19,380,81.06,A,Pass
2371,19,298,46.94,D,Pass
2372,19,455,66.01,C,Pass
2373,19,197,69.45,C,Pass
2374,19,438,97.35,A+,Pass
2375,19,456,20.23,F,Fail
2376,19,335,94.04,A+,Pass
2377,19,164,72.04,B,Pass
2378,19,1,94.28,A+,Pass
2379,19,83,75.67,B,Pass
2380,19,221,76.31,B,Pass
2381,19,490,85.9,A,Pass
2382,19,91,93.56,A+,Pass
2383,20,468,69.58,C,Pass
2384,20,102,72.11,B,Pass
2385,20,193,93.46,A+,Pass
2386,20,26,44.14,D,Pass
2387,20,281,97.5,A+,Pass
2388,20,23,23.52,F,Fail
2389,20,255,67.8,C,Pass
2390,20,184,67.45,C,Pass
2391,20,32,21.51,F,Fail
2392,20,293,94.77,A+,Pass
2393,20,170,35.75,F,Fail
2394,20,357,98.26,A+,Pass
2395,20,226,59.42,D,Pass
2396,20,392,20.79,F,Fail
2397,20,205,81.41,A,Pass
2398,20,82,25.46,F,Fail
2399,20,40,90.44,A+,Pass
2400,20,291,90.19,A+,Pass
2401,20,112,81.59,A,Pass
2402,20,341,87.59,A,Pass
2403,20,279,77.96,B,Pass
2404,20,104,91.71,A+,Pass
2405,20,145,57.32,D,Pass
2406,20,352,36.0,F,Fail
2407,20,414,27.83,F,Fail
2408,20,305,80.82,A,Pass
2409,20,105,95.96,A+,Pass
2410,20,235,27.87,F,Fail
2411,20,89,35.21,F,Fail
2412,20,75,36.16,F,Fail
2413,20,188,93.53,A+,Pass
2414,20,83,51.68,D,Pass
2415,20,317,24.25,F,Fail
2416,20,349,46.4,D,Pass
2417,20,495,62.83,C,Pass
2418,20,496,62.32,C,Pass
2419,20,381,70.57,B,Pass
2420,20,461,64.71,C,Pass
2421,20,286,28.74,F,Fail
2422,20,316,41.38,D,Pass
2423,20,482,75.04,B,Pass
2424,20,34,26.34,F,Fail
2425,20,48,78.91,B,Pass
2426,20,462,64.17,C,Pass
2427,20,337,93.63,A+,Pass
2428,20,216,33.79,F,Fail
2429,20,459,21.55,F,Fail
2430,20,66,81.05,A,Pass
2431,20,62,96.38,A+,Pass
2432,20,409,52.24,D,Pass
2433,20,58,22.38,F,Fail
2434,20,277,25.08,F,Fail
2435,20,74,96.03,A+,Pass
2436,20,160,20.96,F,Fail
2437,20,52,47.13,D,Pass
2438,20,179,76.75,B,Pass
2439,20,46,21.42,F,Fail
2440,20,232,97.53,A+,Pass
2441,20,39,65.67,C,Pass
2442,20,387,29.04,F,Fail
2443,20,350,33.63,F,Fail
2444,20,364,94.31,A+,Pass
2445,20,168,84.19,A,Pass
2446,20,171,77.41,B,Pass
2447,20,237,48.69,D,Pass
2448,20,61,69.17,C,Pass
2449,20,330,53.24,D,Pass
2450,20,274,86.97,A,Pass
2451,20,497,68.06,C,Pass
2452,20,310,24.59,F,Fail
2453,20,132,60.27,C,Pass
2454,20,384,93.59,A+,Pass
2455,20,493,71.11,B,Pass
2456,20,73,86.62,A,Pass
2457,20,197,82.11,A,Pass
2458,20,163,53.76,D,Pass
2459,20,214,77.49,B,Pass
2460,20,222,56.58,D,Pass
2461,20,85,92.59,A+,Pass
2462,20,320,74.19,B,Pass
2463,20,13,94.36,A+,Pass
2464,20,36,48.23,D,Pass
2465,20,389,97.34,A+,Pass
2466,20,391,56.44,D,Pass
2467,20,4,68.73,C,Pass
2468,20,11,52.51,D,Pass
2469,20,438,22.6,F,Fail
2470,20,296,25.18,F,Fail
2471,20,260,50.24,D,Pass
2472,20,16,40.49,D,Pass
2473,20,29,93.08,A+,Pass
2474,20,140,67.82,C,Pass
2475,20,203,58.8,D,Pass
2476,20,424,77.55,B,Pass
2477,20,173,46.99,D,Pass
2478,20,439,35.0,F,Fail
2479,20,383,54.76,D,Pass
2480,20,1,35.76,F,Fail
2481,20,209,75.23,B,Pass
2482,20,269,26.18,F,Fail
2483,20,457,72.25,B,Pass
2484,20,137,42.14,D,Pass
2485,20,436,30.55,F,Fail
2486,20,488,34.08,F,Fail
2487,20,295,28.19,F,Fail
2488,21,91,79.44,B,Pass
2489,21,461,59.27,D,Pass
2490,21,177,49.94,D,Pass
2491,21,341,29.42,F,Fail
2492,21,312,24.72,F,Fail
2493,21,471,67.2,C,Pass
2494,21,93,37.77,F,Fail
2495,21,106,94.03,A+,Pass
2496,21,87,97.2,A+,Pass
2497,21,56,68.82,C,Pass
2498,21,373,39.66,F,Fail
2499,21,212,45.55,D,Pass
2500,21,252,21.29,F,Fail
2501,21,470,54.07,D,Pass
2502,21,353,44.48,D,Pass
2503,21,442,75.46,B,Pass
2504,21,143,33.35,F,Fail
2505,21,221,23.7,F,Fail
2506,21,79,92.95,A+,Pass
2507,21,239,58.09,D,Pass
2508,21,456,63.48,C,Pass
2509,21,157,44.67,D,Pass
2510,21,398,30.71,F,Fail
2511,21,179,53.41,D,Pass
2512,21,414,77.42,B,Pass
2513,21,258,90.22,A+,Pass
2514,21,201,93.86,A+,Pass
2515,21,236,44.28,D,Pass
2516,21,197,26.39,F,Fail
2517,21,381,42.04,D,Pass
2518,21,267,81.54,A,Pass
2519,21,401,92.25,A+,Pass
2520,21,233,68.97,C,Pass
2521,21,244,90.55,A+,Pass
2522,21,349,51.51,D,Pass
2523,21,18,65.16,C,Pass
2524,21,72,44.19,D,Pass
2525,21,183,66.57,C,Pass
2526,21,495,64.88,C,Pass
2527,21,477,55.81,D,Pass
2528,21,196,33.74,F,Fail
2529,21,215,99.35,A+,Pass
2530,21,181,87.29,A,Pass
2531,21,49,54.82,D,Pass
2532,21,334,72.48,B,Pass
2533,21,279,65.84,C,Pass
2534,21,406,94.31,A+,Pass
2535,21,81,57.59,D,Pass
2536,21,412,75.62,B,Pass
2537,21,377,87.98,A,Pass
2538,21,230,61.08,C,Pass
2539,21,318,74.76,B,Pass
2540,21,454,66.88,C,Pass
2541,21,488,60.73,C,Pass
2542,21,455,90.29,A+,Pass
2543,21,343,40.26,D,Pass
2544,21,348,24.91,F,Fail
2545,21,253,72.75,B,Pass
2546,21,192,25.04,F,Fail
2547,21,484,67.69,C,Pass
2548,21,264,70.91,B,Pass
2549,21,54,50.53,D,Pass
2550,21,86,54.57,D,Pass
2551,21,154,58.28,D,Pass
2552,21,265,94.03,A+,Pass
2553,21,298,76.46,B,Pass
2554,21,417,60.01,C,Pass
2555,21,445,33.22,F,Fail
2556,21,365,48.43,D,Pass
2557,21,223,48.68,D,Pass
2558,21,217,54.63,D,Pass
2559,21,472,33.55,F,Fail
2560,21,134,51.18,D,Pass
2561,21,259,43.26,D,Pass
2562,21,352,98.95,A+,Pass
2563,21,359,21.2,F,Fail
2564,21,23,39.34,F,Fail
2565,21,400,46.38,D,Pass
2566,21,53,46.33,D,Pass
2567,21,180,40.89,D,Pass
2568,21,327,58.28,D,Pass
2569,21,376,71.16,B,Pass
2570,21,191,35.87,F,Fail
2571,21,394,83.7,A,Pass
2572,21,449,20.05,F,Fail
2573,21,280,51.49,D,Pass
2574,21,156,82.39,A,Pass
2575,21,161,76.04,B,Pass
2576,21,245,52.99,D,Pass
2577,21,199,43.43,D,Pass
2578,21,336,92.8,A+,Pass
2579,21,120,74.3,B,Pass
2580,21,6,90.25,A+,Pass
2581,21,8,99.04,A+,Pass
2582,21,26,23.93,F,Fail
2583,21,128,42.52,D,Pass
2584,21,195,29.29,F,Fail
2585,21,43,84.65,A,Pass
2586,21,15,94.72,A+,Pass
2587,21,314,55.5,D,Pass
2588,21,224,87.94,A,Pass
2589,21,47,65.99,C,Pass
2590,21,238,95.59,A+,Pass
2591,21,273,95.66,A+,Pass
2592,21,149,51.87,D,Pass
2593,21,131,99.3,A+,Pass
2594,21,40,83.71,A,Pass
2595,21,357,70.04,B,Pass
2596,21,123,80.42,A,Pass
2597,21,137,99.79,A+,Pass
2598,21,374,78.23,B,Pass
2599,21,362,36.17,F,Fail
2600,21,38,34.32,F,Fail
2601,21,493,94.66,A+,Pass
2602,21,175,48.72,D,Pass
2603,21,50,80.12,A,Pass
2604,21,409,84.28,A,Pass
2605,21,216,64.67,C,Pass
2606,21,261,39.34,F,Fail
2607,21,16,39.17,F,Fail
2608,21,48,74.44,B,Pass
2609,21,403,94.74,A+,Pass
2610,21,486,42.23,D,Pass
2611,21,138,38.25,F,Fail
2612,21,198,87.15,A,Pass
2613,21,111,55.4,D,Pass
2614,21,231,20.7,F,Fail
2615,21,147,60.68,C,Pass
2616,21,144,76.86,B,Pass
2617,21,98,20.03,F,Fail
2618,21,324,94.47,A+,Pass
2619,21,491,76.39,B,Pass
2620,21,200,24.91,F,Fail
2621,21,255,24.34,F,Fail
2622,21,309,61.07,C,Pass
2623,21,463,61.35,C,Pass
2624,21,320,41.82,D,Pass
2625,21,94,69.7,C,Pass
2626,21,277,20.05,F,Fail
2627,21,347,93.39,A+,Pass
2628,21,429,20.53,F,Fail
2629,21,363,66.19,C,Pass
2630,21,218,71.31,B,Pass
2631,21,219,70.7,B,Pass
2632,22,472,93.4,A+,Pass
2633,22,489,24.2,F,Fail
2634,22,289,31.07,F,Fail
2635,22,283,86.47,A,Pass
2636,22,299,51.75,D,Pass
2637,22,327,41.99,D,Pass
2638,22,79,44.23,D,Pass
2639,22,337,74.93,B,Pass
2640,22,192,67.35,C,Pass
2641,22,362,66.61,C,Pass
2642,22,291,80.81,A,Pass
2643,22,244,59.43,D,Pass
2644,22,92,53.15,D,Pass
2645,22,451,27.84,F,Fail
2646,22,275,57.12,D,Pass
2647,22,68,76.39,B,Pass
2648,22,108,20.07,F,Fail
2649,22,27,26.41,F,Fail
2650,22,468,53.2,D,Pass
2651,22,99,86.78,A,Pass
2652,22,2,34.68,F,Fail
2653,22,177,77.71,B,Pass
2654,22,167,91.45,A+,Pass
2655,22,479,26.62,F,Fail
2656,22,469,48.55,D,Pass
2657,22,473,82.76,A,Pass
2658,22,358,84.9,A,Pass
2659,22,407,25.71,F,Fail
2660,22,475,99.8,A+,Pass
2661,22,480,92.3,A+,Pass
2662,22,186,38.13,F,Fail
2663,22,310,57.3,D,Pass
2664,22,325,35.14,F,Fail
2665,22,401,79.56,B,Pass
2666,22,261,52.13,D,Pass
2667,22,290,37.92,F,Fail
2668,22,119,21.16,F,Fail
2669,22,74,59.77,D,Pass
2670,22,351,23.74,F,Fail
2671,22,16,98.39,A+,Pass
2672,22,94,90.28,A+,Pass
2673,22,207,66.34,C,Pass
2674,22,474,97.4,A+,Pass
2675,22,316,97.94,A+,Pass
2676,22,206,22.21,F,Fail
2677,22,25,44.88,D,Pass
2678,22,357,72.29,B,Pass
2679,22,126,66.39,C,Pass
2680,22,449,48.97,D,Pass
2681,22,450,28.78,F,Fail
2682,22,86,78.02,B,Pass
2683,22,82,67.77,C,Pass
2684,22,72,26.12,F,Fail
2685,22,354,89.55,A,Pass
2686,22,38,93.11,A+,Pass
2687,22,9,52.18,D,Pass
2688,22,142,55.92,D,Pass
2689,22,54,79.01,B,Pass
2690,22,184,67.01,C,Pass
2691,22,270,63.83,C,Pass
2692,22,460,20.0,F,Fail
2693,22,255,29.69,F,Fail
2694,22,209,29.24,F,Fail
2695,22,395,92.73,A+,Pass
2696,22,150,21.73,F,Fail
2697,22,52,97.53,A+,Pass
2698,22,440,46.21,D,Pass
2699,22,252,76.68,B,Pass
2700,22,164,95.87,A+,Pass
2701,22,190,48.33,D,Pass
2702,22,62,44.8,D,Pass
2703,22,37,81.01,A,Pass
2704,22,140,33.99,F,Fail
2705,22,56,76.16,B,Pass
2706,22,420,77.23,B,Pass
2707,22,102,36.13,F,Fail
2708,22,322,62.39,C,Pass
2709,22,98,44.5,D,Pass
2710,22,155,63.72,C,Pass
2711,22,455,25.06,F,Fail
2712,22,295,52.37,D,Pass
2713,22,81,34.07,F,Fail
2714,22,170,52.61,D,Pass
2715,22,405,68.57,C,Pass
2716,22,416,37.73,F,Fail
2717,22,157,77.27,B,Pass
2718,22,78,36.7,F,Fail
2719,22,466,22.08,F,Fail
2720,22,211,99.82,A+,Pass
2721,22,253,46.39,D,Pass
2722,22,145,95.59,A+,Pass
2723,22,216,67.57,C,Pass
2724,22,226,28.49,F,Fail
2725,22,365,90.24,A+,Pass
2726,22,314,53.93,D,Pass
2727,22,215,48.66,D,Pass
2728,22,392,96.32,A+,Pass
2729,22,439,91.97,A+,Pass
2730,22,70,44.76,D,Pass
2731,22,24,89.65,A,Pass
2732,22,229,78.17,B,Pass
2733,22,59,27.35,F,Fail
2734,22,385,98.42,A+,Pass
2735,22,477,55.63,D,Pass
2736,22,458,25.54,F,Fail
2737,22,51,61.74,C,Pass
2738,22,495,95.58,A+,Pass
2739,22,141,47.99,D,Pass
2740,22,431,57.92,D,Pass
2741,22,312,26.75,F,Fail
2742,22,19,29.95,F,Fail
2743,22,294,79.76,B,Pass
2744,22,169,24.66,F,Fail
2745,22,227,81.09,A,Pass
2746,22,48,57.47,D,Pass
2747,22,111,53.85,D,Pass
2748,22,35,29.04,F,Fail
2749,22,10,45.51,D,Pass
2750,22,61,57.51,D,Pass
2751,22,303,67.89,C,Pass
2752,22,296,37.19,F,Fail
2753,22,76,71.24,B,Pass
2754,22,31,53.03,D,Pass
2755,22,263,25.31,F,Fail
2756,22,149,29.4,F,Fail
2757,23,220,79.24,B,Pass
2758,23,30,43.57,D,Pass
2759,23,81,24.24,F,Fail
2760,23,194,75.49,B,Pass
2761,23,77,20.55,F,Fail
2762,23,315,86.19,A,Pass
2763,23,356,93.47,A+,Pass
2764,23,456,67.72,C,Pass
2765,23,33,34.76,F,Fail
2766,23,369,60.57,C,Pass
2767,23,119,89.17,A,Pass
2768,23,379,66.19,C,Pass
2769,23,226,69.78,C,Pass
2770,23,219,86.94,A,Pass
2771,23,213,93.18,A+,Pass
2772,23,149,57.77,D,Pass
2773,23,133,94.11,A+,Pass
2774,23,7,69.84,C,Pass
2775,23,311,28.5,F,Fail
2776,23,266,53.52,D,Pass
2777,23,88,45.07,D,Pass
2778,23,366,79.56,B,Pass
2779,23,53,59.53,D,Pass
2780,23,274,45.5,D,Pass
2781,23,336,29.47,F,Fail
2782,23,4,88.92,A,Pass
2783,23,375,82.64,A,Pass
2784,23,70,80.41,A,Pass
2785,23,441,82.55,A,Pass
2786,23,38,69.02,C,Pass
2787,23,457,26.58,F,Fail
2788,23,238,56.01,D,Pass
2789,23,397,34.14,F,Fail
2790,23,232,39.94,F,Fail
2791,23,500,42.92,D,Pass
2792,23,290,72.74,B,Pass
2793,23,469,72.62,B,Pass
2794,23,223,94.15,A+,Pass
2795,23,144,33.51,F,Fail
2796,23,300,32.78,F,Fail
2797,23,325,49.64,D,Pass
2798,23,499,51.21,D,Pass
2799,23,413,41.27,D,Pass
2800,23,188,53.35,D,Pass
2801,23,227,66.13,C,Pass
2802,23,8,50.12,D,Pass
2803,23,128,77.95,B,Pass
2804,23,447,89.6,A,Pass
2805,23,305,36.97,F,Fail
2806,23,13,30.0,F,Fail
2807,23,419,95.84,A+,Pass
2808,23,240,72.47,B,Pass
2809,23,212,25.6,F,Fail
2810,23,477,86.84,A,Pass
2811,23,403,95.59,A+,Pass
2812,23,72,69.25,C,Pass
2813,23,29,78.68,B,Pass
2814,23,437,73.39,B,Pass
2815,23,350,91.63,A+,Pass
2816,23,139,34.83,F,Fail
2817,23,40,80.82,A,Pass
2818,23,172,26.9,F,Fail
2819,23,97,65.3,C,Pass
2820,23,473,30.0,F,Fail
2821,23,5,97.51,A+,Pass
2822,23,243,66.11,C,Pass
2823,23,67,79.05,B,Pass
2824,23,154,80.94,A,Pass
2825,23,465,44.84,D,Pass
2826,23,392,24.59,F,Fail
2827,23,179,59.51,D,Pass
2828,23,41,97.64,A+,Pass
2829,23,319,33.47,F,Fail
2830,23,138,73.17,B,Pass
2831,23,167,63.17,C,Pass
2832,23,348,48.79,D,Pass
2833,23,187,97.3,A+,Pass
2834,23,101,48.98,D,Pass
2835,23,63,34.03,F,Fail
2836,23,196,30.49,F,Fail
2837,23,145,51.08,D,Pass
2838,23,303,50.07,D,Pass
2839,23,209,42.6,D,Pass
2840,23,282,30.57,F,Fail
2841,23,169,42.05,D,Pass
2842,23,50,57.7,D,Pass
2843,23,49,52.35,D,Pass
2844,23,43,69.4,C,Pass
2845,23,229,85.68,A,Pass
2846,23,438,66.75,C,Pass
2847,23,497,49.58,D,Pass
2848,23,231,47.21,D,Pass
2849,23,376,51.01,D,Pass
2850,23,55,23.52,F,Fail
2851,23,239,52.47,D,Pass
2852,23,34,42.76,D,Pass
2853,23,444,44.57,D,Pass
2854,23,37,59.94,D,Pass
2855,23,304,20.05,F,Fail
2856,23,412,78.27,B,Pass
2857,23,62,39.72,F,Fail
2858,23,157,52.48,D,Pass
2859,23,490,66.24,C,Pass
2860,23,19,71.1,B,Pass
2861,23,265,79.74,B,Pass
2862,23,284,34.01,F,Fail
2863,23,170,34.28,F,Fail
2864,23,460,35.53,F,Fail
2865,23,386,26.5,F,Fail
2866,23,215,69.8,C,Pass
2867,23,388,53.0,D,Pass
2868,23,257,50.38,D,Pass
2869,23,352,88.55,A,Pass
2870,23,291,21.89,F,Fail
2871,23,263,28.65,F,Fail
2872,23,368,80.69,A,Pass
2873,23,295,29.09,F,Fail
2874,23,2,67.15,C,Pass
2875,23,449,51.09,D,Pass
2876,23,181,44.13,D,Pass
2877,23,404,38.8,F,Fail
2878,23,293,48.94,D,Pass
2879,23,23,35.46,F,Fail
2880,23,455,64.73,C,Pass
2881,23,299,30.3,F,Fail
2882,23,165,97.84,A+,Pass
2883,23,205,38.27,F,Fail
2884,23,247,50.22,D,Pass
2885,23,123,43.33,D,Pass
2886,23,432,69.41,C,Pass
2887,23,329,32.92,F,Fail
2888,23,193,94.95,A+,Pass
2889,23,450,30.5,F,Fail
2890,23,192,34.11,F,Fail
2891,23,357,27.61,F,Fail
2892,23,206,52.09,D,Pass
2893,23,270,28.14,F,Fail
2894,23,235,95.49,A+,Pass
2895,23,387,68.11,C,Pass
2896,23,380,31.75,F,Fail
2897,23,289,26.06,F,Fail
2898,23,92,65.27,C,Pass
2899,23,47,75.78,B,Pass
2900,23,252,51.99,D,Pass
2901,23,488,25.11,F,Fail
2902,23,199,89.24,A,Pass
2903,23,361,25.95,F,Fail
2904,24,88,84.83,A,Pass
2905,24,77,40.24,D,Pass
2906,24,11,26.65,F,Fail
2907,24,5,38.74,F,Fail
2908,24,357,51.19,D,Pass
2909,24,32,78.47,B,Pass
2910,24,404,46.45,D,Pass
2911,24,371,77.92,B,Pass
2912,24,69,96.99,A+,Pass
2913,24,478,62.53,C,Pass
2914,24,178,69.73,C,Pass
2915,24,409,82.74,A,Pass
2916,24,276,32.82,F,Fail
2917,24,342,98.04,A+,Pass
2918,24,43,88.63,A,Pass
2919,24,385,43.05,D,Pass
2920,24,362,78.83,B,Pass
2921,24,311,83.38,A,Pass
2922,24,34,32.34,F,Fail
2923,24,431,94.36,A+,Pass
2924,24,224,83.5,A,Pass
2925,24,347,71.91,B,Pass
2926,24,413,33.39,F,Fail
2927,24,361,67.4,C,Pass
2928,24,392,33.87,F,Fail
2929,24,140,33.44,F,Fail
2930,24,477,26.89,F,Fail
2931,24,9,98.18,A+,Pass
2932,24,221,52.67,D,Pass
2933,24,151,40.04,D,Pass
2934,24,312,46.4,D,Pass
2935,24,420,24.84,F,Fail
2936,24,264,92.93,A+,Pass
2937,24,402,83.86,A,Pass
2938,24,399,90.13,A+,Pass
2939,24,282,79.93,B,Pass
2940,24,147,71.46,B,Pass
2941,24,229,64.93,C,Pass
2942,24,41,95.57,A+,Pass
2943,24,452,73.14,B,Pass
2944,24,19,24.33,F,Fail
2945,24,465,80.24,A,Pass
2946,24,489,46.42,D,Pass
2947,24,290,49.62,D,Pass
2948,24,284,27.46,F,Fail
2949,24,23,27.27,F,Fail
2950,24,165,24.61,F,Fail
2951,24,236,61.08,C,Pass
2952,24,188,20.39,F,Fail
2953,24,449,69.94,C,Pass
2954,24,124,60.97,C,Pass
2955,24,367,32.67,F,Fail
2956,24,100,30.32,F,Fail
2957,24,285,33.62,F,Fail
2958,24,424,36.47,F,Fail
2959,24,443,87.88,A,Pass
2960,24,111,28.33,F,Fail
2961,24,107,64.68,C,Pass
2962,24,63,21.11,F,Fail
2963,24,326,79.11,B,Pass
2964,24,179,78.39,B,Pass
2965,24,84,78.31,B,Pass
2966,24,310,92.24,A+,Pass
2967,24,167,29.77,F,Fail
2968,24,464,45.08,D,Pass
2969,24,377,43.98,D,Pass
2970,24,500,75.33,B,Pass
2971,24,421,24.58,F,Fail
2972,24,428,28.12,F,Fail
2973,24,113,21.93,F,Fail
2974,24,249,76.97,B,Pass
2975,24,454,67.5,C,Pass
2976,24,168,65.58,C,Pass
2977,24,408,54.42,D,Pass
2978,24,412,79.41,B,Pass
2979,24,112,68.89,C,Pass
2980,24,254,52.88,D,Pass
2981,24,97,90.63,A+,Pass
2982,24,25,22.9,F,Fail
2983,24,263,63.32,C,Pass
2984,24,486,27.44,F,Fail
2985,24,457,45.73,D,Pass
2986,24,191,34.36,F,Fail
2987,24,139,68.64,C,Pass
2988,24,463,22.15,F,Fail
2989,24,491,63.01,C,Pass
2990,24,62,40.13,D,Pass
2991,24,475,41.63,D,Pass
2992,24,442,68.27,C,Pass
2993,24,59,22.78,F,Fail
2994,24,16,60.92,C,Pass
2995,24,75,97.29,A+,Pass
2996,24,90,99.52,A+,Pass
2997,24,488,90.97,A+,Pass
2998,24,47,30.16,F,Fail
2999,24,350,23.55,F,Fail
3000,24,304,66.16,C,Pass
3001,24,137,61.65,C,Pass
3002,24,54,99.11,A+,Pass
3003,24,376,27.66,F,Fail
3004,24,86,77.54,B,Pass
3005,24,55,72.47,B,Pass
3006,24,20,62.26,C,Pass
3007,24,96,79.08,B,Pass
3008,24,196,36.07,F,Fail
3009,24,29,27.53,F,Fail
3010,24,14,85.48,A,Pass
3011,24,187,57.05,D,Pass
3012,24,494,61.87,C,Pass
3013,24,446,95.01,A+,Pass
3014,24,316,79.2,B,Pass
3015,24,351,45.91,D,Pass
3016,24,279,44.13,D,Pass
3017,24,325,75.9,B,Pass
3018,24,235,46.13,D,Pass
3019,24,308,48.12,D,Pass
3020,24,202,43.23,D,Pass
3021,25,99,67.2,C,Pass
3022,25,115,56.71,D,Pass
3023,25,420,94.27,A+,Pass
3024,25,9,75.72,B,Pass
3025,25,313,99.72,A+,Pass
3026,25,291,47.14,D,Pass
3027,25,59,87.5,A,Pass
3028,25,140,35.27,F,Fail
3029,25,87,35.17,F,Fail
3030,25,178,37.2,F,Fail
3031,25,396,52.09,D,Pass
3032,25,18,54.97,D,Pass
3033,25,269,57.11,D,Pass
3034,25,134,50.62,D,Pass
3035,25,346,50.4,D,Pass
3036,25,61,96.62,A+,Pass
3037,25,181,72.61,B,Pass
3038,25,268,94.76,A+,Pass
3039,25,317,74.44,B,Pass
3040,25,108,51.49,D,Pass
3041,25,135,50.61,D,Pass
3042,25,105,83.67,A,Pass
3043,25,122,28.48,F,Fail
3044,25,30,51.78,D,Pass
3045,25,66,93.7,A+,Pass
3046,25,127,93.23,A+,Pass
3047,25,5,92.95,A+,Pass
3048,25,369,20.77,F,Fail
3049,25,217,63.03,C,Pass
3050,25,427,47.78,D,Pass
3051,25,113,75.61,B,Pass
3052,25,163,28.57,F,Fail
3053,25,48,21.52,F,Fail
3054,25,144,21.18,F,Fail
3055,25,251,74.89,B,Pass
3056,25,483,25.77,F,Fail
3057,25,428,65.66,C,Pass
3058,25,54,30.11,F,Fail
3059,25,19,35.53,F,Fail
3060,25,197,32.02,F,Fail
3061,25,292,87.77,A,Pass
3062,25,75,98.22,A+,Pass
3063,25,76,90.06,A+,Pass
3064,25,166,68.5,C,Pass
3065,25,414,75.81,B,Pass
3066,25,355,61.45,C,Pass
3067,25,331,57.35,D,Pass
3068,25,436,76.78,B,Pass
3069,25,437,96.6,A+,Pass
3070,25,298,65.75,C,Pass
3071,25,110,64.99,C,Pass
3072,25,92,38.2,F,Fail
3073,25,435,63.8,C,Pass
3074,25,171,35.81,F,Fail
3075,25,365,25.87,F,Fail
3076,25,283,62.33,C,Pass
3077,25,228,56.03,D,Pass
3078,25,232,42.44,D,Pass
3079,25,324,65.11,C,Pass
3080,25,233,35.66,F,Fail
3081,25,62,34.04,F,Fail
3082,25,352,63.09,C,Pass
3083,25,22,93.59,A+,Pass
3084,25,460,68.42,C,Pass
3085,25,419,60.71,C,Pass
3086,25,128,83.72,A,Pass
3087,25,132,52.37,D,Pass
3088,25,161,87.71,A,Pass
3089,25,405,26.93,F,Fail
3090,25,426,25.75,F,Fail
3091,25,180,84.79,A,Pass
3092,25,125,68.39,C,Pass
3093,25,423,48.56,D,Pass
3094,25,186,58.41,D,Pass
3095,25,418,24.26,F,Fail
3096,25,408,72.82,B,Pass
3097,25,31,20.25,F,Fail
3098,25,455,22.42,F,Fail
3099,25,220,38.29,F,Fail
3100,25,362,76.85,B,Pass
3101,25,187,51.09,D,Pass
3102,25,341,92.48,A+,Pass
3103,25,162,67.81,C,Pass
3104,25,494,75.64,B,Pass
3105,25,464,60.32,C,Pass
3106,25,203,64.16,C,Pass
3107,25,323,28.65,F,Fail
3108,25,24,86.36,A,Pass
3109,25,117,41.15,D,Pass
3110,25,438,90.96,A+,Pass
3111,25,33,87.6,A,Pass
3112,25,481,83.74,A,Pass
3113,25,167,72.22,B,Pass
3114,25,229,98.93,A+,Pass
3115,25,288,82.99,A,Pass
3116,25,375,95.39,A+,Pass
3117,25,96,69.58,C,Pass
3118,25,475,40.27,D,Pass
3119,25,142,34.62,F,Fail
3120,25,276,63.98,C,Pass
3121,25,39,54.98,D,Pass
3122,25,51,32.19,F,Fail
3123,26,222,83.32,A,Pass
3124,26,159,78.68,B,Pass
3125,26,401,38.12,F,Fail
3126,26,26,40.77,D,Pass
3127,26,117,88.67,A,Pass
3128,26,190,61.44,C,Pass
3129,26,394,36.04,F,Fail
3130,26,382,57.45,D,Pass
3131,26,404,53.05,D,Pass
3132,26,170,31.39,F,Fail
3133,26,399,32.7,F,Fail
3134,26,68,55.84,D,Pass
3135,26,456,21.61,F,Fail
3136,26,391,32.03,F,Fail
3137,26,313,45.91,D,Pass
3138,26,495,50.53,D,Pass
3139,26,266,35.89,F,Fail
3140,26,438,46.76,D,Pass
3141,26,185,33.5,F,Fail
3142,26,154,84.76,A,Pass
3143,26,175,88.36,A,Pass
3144,26,389,24.08,F,Fail
3145,26,344,25.61,F,Fail
3146,26,318,83.99,A,Pass
3147,26,482,88.73,A,Pass
3148,26,127,48.77,D,Pass
3149,26,42,33.84,F,Fail
3150,26,230,73.38,B,Pass
3151,26,1,46.45,D,Pass
3152,26,293,38.84,F,Fail
3153,26,308,95.13,A+,Pass
3154,26,326,36.97,F,Fail
3155,26,315,30.95,F,Fail
3156,26,27,68.83,C,Pass
3157,26,358,32.78,F,Fail
3158,26,305,79.85,B,Pass
3159,26,254,95.88,A+,Pass
3160,26,451,72.37,B,Pass
3161,26,303,65.16,C,Pass
3162,26,33,88.54,A,Pass
3163,26,302,90.4,A+,Pass
3164,26,327,69.17,C,Pass
3165,26,193,51.39,D,Pass
3166,26,461,25.56,F,Fail
3167,26,13,53.01,D,Pass
3168,26,463,61.33,C,Pass
3169,26,450,31.49,F,Fail
3170,26,443,50.8,D,Pass
3171,26,325,23.29,F,Fail
3172,26,58,35.65,F,Fail
3173,26,427,72.27,B,Pass
3174,26,91,95.05,A+,Pass
3175,26,477,35.89,F,Fail
3176,26,51,60.72,C,Pass
3177,26,214,90.69,A+,Pass
3178,26,94,57.11,D,Pass
3179,26,333,58.45,D,Pass
3180,26,493,44.72,D,Pass
3181,26,20,71.09,B,Pass
3182,26,407,91.36,A+,Pass
3183,26,271,95.91,A+,Pass
3184,26,499,76.49,B,Pass
3185,26,284,44.37,D,Pass
3186,26,146,32.75,F,Fail
3187,26,387,52.64,D,Pass
3188,26,178,72.1,B,Pass
3189,26,478,82.72,A,Pass
3190,26,245,27.56,F,Fail
3191,26,260,36.39,F,Fail
3192,26,304,72.4,B,Pass
3193,26,294,21.69,F,Fail
3194,26,479,45.24,D,Pass
3195,26,184,68.3,C,Pass
3196,26,296,90.1,A+,Pass
3197,26,246,78.92,B,Pass
3198,26,132,44.31,D,Pass
3199,26,80,83.72,A,Pass
3200,26,400,86.4,A,Pass
3201,26,186,98.94,A+,Pass
3202,26,457,90.61,A+,Pass
3203,26,110,85.77,A,Pass
3204,26,368,68.58,C,Pass
3205,26,45,88.03,A,Pass
3206,26,331,61.51,C,Pass
3207,26,269,48.05,D,Pass
3208,26,195,25.93,F,Fail
3209,26,128,50.12,D,Pass
3210,26,295,23.02,F,Fail
3211,26,235,67.0,C,Pass
3212,26,306,84.28,A,Pass
3213,26,415,89.92,A,Pass
3214,26,374,25.73,F,Fail
3215,26,227,69.55,C,Pass
3216,26,191,47.68,D,Pass
3217,26,466,49.16,D,Pass
3218,26,285,65.47,C,Pass
3219,26,54,87.69,A,Pass
3220,26,223,87.76,A,Pass
3221,26,242,58.16,D,Pass
3222,26,95,20.64,F,Fail
3223,26,6,66.08,C,Pass
3224,26,204,60.95,C,Pass
3225,26,468,40.17,D,Pass
3226,26,182,58.66,D,Pass
3227,26,410,49.58,D,Pass
3228,26,201,28.66,F,Fail
3229,26,233,68.07,C,Pass
3230,26,489,81.65,A,Pass
3231,26,123,59.97,D,Pass
3232,26,310,72.18,B,Pass
3233,26,236,87.57,A,Pass
3234,26,120,98.97,A+,Pass
3235,26,88,55.17,D,Pass
3236,26,422,54.42,D,Pass
3237,26,385,28.68,F,Fail
3238,26,187,66.92,C,Pass
3239,26,189,67.21,C,Pass
3240,26,282,62.2,C,Pass
3241,26,452,57.69,D,Pass
3242,26,63,20.94,F,Fail
3243,26,330,34.89,F,Fail
3244,26,203,54.4,D,Pass
3245,26,114,64.65,C,Pass
3246,26,390,97.64,A+,Pass
3247,26,125,82.98,A,Pass
3248,26,152,95.57,A+,Pass
3249,26,464,61.54,C,Pass
3250,26,252,33.77,F,Fail
3251,26,247,77.78,B,Pass
3252,26,115,90.08,A+,Pass
3253,26,29,58.49,D,Pass
3254,26,335,46.56,D,Pass
3255,26,265,43.44,D,Pass
3256,26,487,61.41,C,Pass
3257,26,301,61.18,C,Pass
3258,26,311,99.8,A+,Pass
3259,26,98,71.98,B,Pass
3260,26,261,53.92,D,Pass
3261,26,398,22.66,F,Fail
3262,26,346,74.39,B,Pass
3263,26,370,68.14,C,Pass
3264,26,405,45.13,D,Pass
3265,26,348,70.67,B,Pass
3266,26,71,37.78,F,Fail
3267,26,259,20.42,F,Fail
3268,26,343,51.72,D,Pass
3269,26,430,32.92,F,Fail
3270,26,84,45.35,D,Pass
3271,27,381,57.27,D,Pass
3272,27,443,62.49,C,Pass
3273,27,412,63.58,C,Pass
3274,27,70,42.38,D,Pass
3275,27,50,59.86,D,Pass
3276,27,388,26.88,F,Fail
3277,27,132,55.24,D,Pass
3278,27,344,50.12,D,Pass
3279,27,127,40.92,D,Pass
3280,27,424,62.36,C,Pass
3281,27,149,53.14,D,Pass
3282,27,68,38.97,F,Fail
3283,27,294,87.31,A,Pass
3284,27,59,51.04,D,Pass
3285,27,18,49.17,D,Pass
3286,27,384,76.51,B,Pass
3287,27,157,98.99,A+,Pass
3288,27,17,64.59,C,Pass
3289,27,299,71.35,B,Pass
3290,27,19,63.97,C,Pass
3291,27,282,27.04,F,Fail
3292,27,321,42.45,D,Pass
3293,27,346,93.81,A+,Pass
3294,27,451,37.39,F,Fail
3295,27,224,79.94,B,Pass
3296,27,193,51.84,D,Pass
3297,27,73,52.93,D,Pass
3298,27,490,80.63,A,Pass
3299,27,66,60.48,C,Pass
3300,27,104,57.63,D,Pass
3301,27,159,88.86,A,Pass
3302,27,320,85.84,A,Pass
3303,27,164,65.33,C,Pass
3304,27,194,54.68,D,Pass
3305,27,227,66.33,C,Pass
3306,27,449,26.05,F,Fail
3307,27,250,39.13,F,Fail
3308,27,214,82.42,A,Pass
3309,27,124,49.95,D,Pass
3310,27,160,86.56,A,Pass
3311,27,291,35.81,F,Fail
3312,27,37,94.12,A+,Pass
3313,27,332,80.55,A,Pass
3314,27,466,30.3,F,Fail
3315,27,141,41.74,D,Pass
3316,27,143,69.76,C,Pass
3317,27,135,55.52,D,Pass
3318,27,106,49.36,D,Pass
3319,27,376,22.74,F,Fail
3320,27,236,70.71,B,Pass
3321,27,493,75.65,B,Pass
3322,27,325,35.35,F,Fail
3323,27,248,63.27,C,Pass
3324,27,16,84.18,A,Pass
3325,27,264,30.44,F,Fail
3326,27,478,81.87,A,Pass
3327,27,20,78.57,B,Pass
3328,27,82,26.4,F,Fail
3329,27,197,98.21,A+,Pass
3330,27,375,21.15,F,Fail
3331,27,436,71.63,B,Pass
3332,27,475,76.09,B,Pass
3333,27,158,90.89,A+,Pass
3334,27,272,57.12,D,Pass
3335,27,441,49.33,D,Pass
3336,27,27,24.69,F,Fail
3337,27,133,27.8,F,Fail
3338,27,65,77.44,B,Pass
3339,27,75,37.43,F,Fail
3340,27,422,76.61,B,Pass
3341,27,476,29.56,F,Fail
3342,27,395,29.81,F,Fail
3343,27,39,79.97,B,Pass
3344,27,435,84.46,A,Pass
3345,27,56,27.52,F,Fail
3346,27,440,76.79,B,Pass
3347,27,446,93.77,A+,Pass
3348,27,175,53.52,D,Pass
3349,27,426,74.21,B,Pass
3350,27,161,39.41,F,Fail
3351,27,285,91.61,A+,Pass
3352,27,419,77.19,B,Pass
3353,27,327,63.4,C,Pass
3354,27,98,89.9,A,Pass
3355,27,301,78.77,B,Pass
3356,27,314,55.32,D,Pass
3357,27,130,22.79,F,Fail
3358,27,444,84.39,A,Pass
3359,27,370,85.31,A,Pass
3360,27,118,51.42,D,Pass
3361,27,186,81.8,A,Pass
3362,27,31,53.74,D,Pass
3363,27,176,30.07,F,Fail
3364,27,486,48.65,D,Pass
3365,27,216,75.01,B,Pass
3366,27,494,51.4,D,Pass
3367,27,81,22.06,F,Fail
3368,27,163,46.6,D,Pass
3369,27,458,77.24,B,Pass
3370,27,298,29.84,F,Fail
3371,27,269,99.83,A+,Pass
3372,27,354,21.18,F,Fail
3373,27,369,61.26,C,Pass
3374,27,15,91.11,A+,Pass
3375,27,460,38.75,F,Fail
3376,27,211,69.79,C,Pass
3377,27,13,82.27,A,Pass
3378,27,152,45.17,D,Pass
3379,27,12,61.73,C,Pass
3380,27,237,54.51,D,Pass
3381,27,416,52.74,D,Pass
3382,27,182,62.6,C,Pass
3383,27,326,48.73,D,Pass
3384,27,221,49.53,D,Pass
3385,27,300,83.8,A,Pass
3386,27,407,24.03,F,Fail
3387,27,363,77.25,B,Pass
3388,27,247,41.17,D,Pass
3389,27,469,85.43,A,Pass
3390,27,437,60.27,C,Pass
3391,27,134,65.75,C,Pass
3392,27,64,22.18,F,Fail
3393,27,180,92.83,A+,Pass
3394,27,202,83.61,A,Pass
3395,27,30,46.65,D,Pass
3396,28,461,34.85,F,Fail
3397,28,25,41.04,D,Pass
3398,28,280,78.33,B,Pass
3399,28,471,54.51,D,Pass
3400,28,344,29.5,F,Fail
3401,28,77,36.78,F,Fail
3402,28,187,76.23,B,Pass
3403,28,377,40.27,D,Pass
3404,28,234,20.01,F,Fail
3405,28,449,59.77,D,Pass
3406,28,371,84.67,A,Pass
3407,28,161,97.93,A+,Pass
3408,28,483,81.01,A,Pass
3409,28,287,58.25,D,Pass
3410,28,402,72.5,B,Pass
3411,28,24,98.89,A+,Pass
3412,28,427,75.02,B,Pass
3413,28,134,21.34,F,Fail
3414,28,205,93.91,A+,Pass
3415,28,485,55.81,D,Pass
3416,28,177,35.78,F,Fail
3417,28,368,25.98,F,Fail
3418,28,345,84.28,A,Pass
3419,28,281,48.89,D,Pass
3420,28,65,23.4,F,Fail
3421,28,369,51.88,D,Pass
3422,28,89,97.52,A+,Pass
3423,28,418,98.56,A+,Pass
3424,28,276,82.06,A,Pass
3425,28,170,55.74,D,Pass
3426,28,183,49.04,D,Pass
3427,28,430,24.26,F,Fail
3428,28,127,22.57,F,Fail
3429,28,29,87.37,A,Pass
3430,28,172,61.15,C,Pass
3431,28,434,49.24,D,Pass
3432,28,78,43.0,D,Pass
3433,28,4,51.75,D,Pass
3434,28,112,68.39,C,Pass
3435,28,493,57.41,D,Pass
3436,28,346,42.73,D,Pass
3437,28,59,89.65,A,Pass
3438,28,97,42.89,D,Pass
3439,28,45,71.74,B,Pass
3440,28,314,37.95,F,Fail
3441,28,492,47.0,D,Pass
3442,28,203,77.9,B,Pass
3443,28,500,75.03,B,Pass
3444,28,356,47.61,D,Pass
3445,28,395,65.47,C,Pass
3446,28,242,79.24,B,Pass
3447,28,410,36.55,F,Fail
3448,28,179,26.6,F,Fail
3449,28,80,89.12,A,Pass
3450,28,245,51.98,D,Pass
3451,28,458,81.48,A,Pass
3452,28,34,89.26,A,Pass
3453,28,424,78.39,B,Pass
3454,28,278,34.71,F,Fail
3455,28,415,90.86,A+,Pass
3456,28,396,99.19,A+,Pass
3457,28,336,80.31,A,Pass
3458,28,271,73.53,B,Pass
3459,28,422,20.06,F,Fail
3460,28,409,30.02,F,Fail
3461,28,23,66.27,C,Pass
3462,28,400,87.52,A,Pass
3463,28,253,28.81,F,Fail
3464,28,384,38.59,F,Fail
3465,28,139,30.2,F,Fail
3466,28,84,75.12,B,Pass
3467,28,68,30.32,F,Fail
3468,28,262,26.28,F,Fail
3469,28,360,49.89,D,Pass
3470,28,171,30.24,F,Fail
3471,28,197,79.82,B,Pass
3472,28,217,58.35,D,Pass
3473,28,417,39.49,F,Fail
3474,28,263,59.29,D,Pass
3475,28,107,27.27,F,Fail
3476,28,255,89.05,A,Pass
3477,28,279,22.33,F,Fail
3478,28,188,82.41,A,Pass
3479,28,330,64.38,C,Pass
3480,28,194,96.18,A+,Pass
3481,28,298,40.86,D,Pass
3482,28,289,92.72,A+,Pass
3483,28,120,21.49,F,Fail
3484,28,61,52.56,D,Pass
3485,28,342,57.19,D,Pass
3486,28,208,99.55,A+,Pass
3487,28,436,66.23,C,Pass
3488,28,435,92.24,A+,Pass
3489,28,3,90.3,A+,Pass
3490,28,216,82.57,A,Pass
3491,28,247,30.29,F,Fail
3492,28,290,84.19,A,Pass
3493,28,227,44.86,D,Pass
3494,28,349,32.09,F,Fail
3495,28,275,55.45,D,Pass
3496,28,299,52.44,D,Pass
3497,28,408,26.31,F,Fail
3498,28,365,64.01,C,Pass
3499,28,46,84.71,A,Pass
3500,28,350,21.75,F,Fail
3501,28,323,35.26,F,Fail
3502,28,403,88.51,A,Pass
3503,28,178,89.19,A,Pass
3504,28,260,53.76,D,Pass
3505,28,174,50.59,D,Pass
3506,28,444,37.01,F,Fail
3507,28,81,81.79,A,Pass
3508,28,30,25.82,F,Fail
3509,28,438,31.89,F,Fail
3510,28,155,45.31,D,Pass
3511,29,360,44.87,D,Pass
3512,29,399,68.59,C,Pass
3513,29,317,89.34,A,Pass
3514,29,354,68.61,C,Pass
3515,29,473,62.03,C,Pass
3516,29,174,65.23,C,Pass
3517,29,397,66.62,C,Pass
3518,29,239,38.33,F,Fail
3519,29,25,80.11,A,Pass
3520,29,217,77.82,B,Pass
3521,29,441,64.61,C,Pass
3522,29,293,70.81,B,Pass
3523,29,438,59.76,D,Pass
3524,29,144,53.63,D,Pass
3525,29,456,69.43,C,Pass
3526,29,143,72.21,B,Pass
3527,29,326,32.58,F,Fail
3528,29,498,82.07,A,Pass
3529,29,447,66.18,C,Pass
3530,29,442,45.62,D,Pass
3531,29,276,51.98,D,Pass
3532,29,327,48.93,D,Pass
3533,29,425,99.5,A+,Pass
3534,29,201,81.93,A,Pass
3535,29,496,80.5,A,Pass
3536,29,379,81.3,A,Pass
3537,29,382,73.25,B,Pass
3538,29,238,59.93,D,Pass
3539,29,315,40.03,D,Pass
3540,29,219,68.33,C,Pass
3541,29,182,58.62,D,Pass
3542,29,99,93.52,A+,Pass
3543,29,101,76.21,B,Pass
3544,29,213,24.09,F,Fail
3545,29,153,60.57,C,Pass
3546,29,389,90.04,A+,Pass
3547,29,250,32.51,F,Fail
3548,29,287,90.05,A+,Pass
3549,29,474,65.86,C,Pass
3550,29,189,66.18,C,Pass
3551,29,488,22.02,F,Fail
3552,29,271,98.03,A+,Pass
3553,29,130,48.52,D,Pass
3554,29,67,36.68,F,Fail
3555,29,353,56.13,D,Pass
3556,29,132,84.66,A,Pass
3557,29,112,44.31,D,Pass
3558,29,74,21.35,F,Fail
3559,29,224,57.19,D,Pass
3560,29,212,50.93,D,Pass
3561,29,460,80.41,A,Pass
3562,29,180,72.06,B,Pass
3563,29,256,80.11,A,Pass
3564,29,19,65.48,C,Pass
3565,29,401,38.85,F,Fail
3566,29,297,24.61,F,Fail
3567,29,350,80.92,A,Pass
3568,29,90,68.72,C,Pass
3569,29,400,20.53,F,Fail
3570,29,351,48.12,D,Pass
3571,29,294,28.83,F,Fail
3572,29,150,77.66,B,Pass
3573,29,206,91.08,A+,Pass
3574,29,413,95.48,A+,Pass
3575,29,252,55.46,D,Pass
3576,29,415,27.95,F,Fail
3577,29,100,25.96,F,Fail
3578,29,299,55.18,D,Pass
3579,29,267,43.98,D,Pass
3580,29,9,97.73,A+,Pass
3581,29,369,21.84,F,Fail
3582,29,375,51.67,D,Pass
3583,29,435,66.33,C,Pass
3584,29,301,71.09,B,Pass
3585,29,334,86.81,A,Pass
3586,29,497,50.97,D,Pass
3587,29,377,54.2,D,Pass
3588,29,98,29.83,F,Fail
3589,29,235,22.18,F,Fail
3590,29,243,71.35,B,Pass
3591,29,288,71.82,B,Pass
3592,29,156,96.27,A+,Pass
3593,29,282,73.72,B,Pass
3594,29,65,82.74,A,Pass
3595,29,372,91.88,A+,Pass
3596,29,76,44.65,D,Pass
3597,29,320,99.37,A+,Pass
3598,29,268,67.5,C,Pass
3599,29,24,88.24,A,Pass
3600,29,407,84.25,A,Pass
3601,29,255,62.92,C,Pass
3602,29,340,95.73,A+,Pass
3603,29,281,39.74,F,Fail
3604,29,314,28.22,F,Fail
3605,29,66,61.87,C,Pass
3606,29,246,76.14,B,Pass
3607,29,71,67.17,C,Pass
3608,29,173,60.02,C,Pass
3609,29,56,75.99,B,Pass
3610,29,122,77.19,B,Pass
3611,29,261,66.84,C,Pass
3612,29,11,36.62,F,Fail
3613,29,371,77.98,B,Pass
3614,29,470,45.44,D,Pass
3615,29,181,81.53,A,Pass
3616,29,266,71.39,B,Pass
3617,29,139,77.43,B,Pass
3618,29,15,68.67,C,Pass
3619,29,471,26.13,F,Fail
3620,29,154,63.23,C,Pass
3621,29,403,88.03,A,Pass
3622,29,160,85.28,A,Pass
3623,29,420,84.51,A,Pass
3624,29,84,50.32,D,Pass
3625,29,169,73.03,B,Pass
3626,29,127,38.8,F,Fail
3627,29,53,63.9,C,Pass
3628,29,95,27.21,F,Fail
3629,29,221,84.26,A,Pass
3630,29,168,46.84,D,Pass
3631,29,446,44.71,D,Pass
3632,29,309,70.99,B,Pass
3633,30,57,82.51,A,Pass
3634,30,194,88.07,A,Pass
3635,30,314,98.27,A+,Pass
3636,30,479,32.81,F,Fail
3637,30,397,53.68,D,Pass
3638,30,446,61.43,C,Pass
3639,30,231,27.43,F,Fail
3640,30,171,20.33,F,Fail
3641,30,130,52.14,D,Pass
3642,30,172,73.94,B,Pass
3643,30,127,36.42,F,Fail
3644,30,285,73.51,B,Pass
3645,30,364,57.54,D,Pass
3646,30,494,89.77,A,Pass
3647,30,208,44.49,D,Pass
3648,30,437,47.96,D,Pass
3649,30,200,39.77,F,Fail
3650,30,174,22.48,F,Fail
3651,30,500,36.23,F,Fail
3652,30,443,31.7,F,Fail
3653,30,431,82.21,A,Pass
3654,30,94,86.37,A,Pass
3655,30,78,68.27,C,Pass
3656,30,356,88.97,A,Pass
3657,30,75,57.34,D,Pass
3658,30,182,37.74,F,Fail
3659,30,334,61.54,C,Pass
3660,30,373,52.36,D,Pass
3661,30,288,25.83,F,Fail
3662,30,496,63.08,C,Pass
3663,30,50,99.97,A+,Pass
3664,30,427,70.08,B,Pass
3665,30,140,25.93,F,Fail
3666,30,450,66.61,C,Pass
3667,30,82,38.85,F,Fail
3668,30,343,56.01,D,Pass
3669,30,368,84.9,A,Pass
3670,30,491,36.33,F,Fail
3671,30,183,31.25,F,Fail
3672,30,190,50.86,D,Pass
3673,30,453,88.96,A,Pass
3674,30,86,50.83,D,Pass
3675,30,21,22.4,F,Fail
3676,30,138,95.41,A+,Pass
3677,30,347,25.28,F,Fail
3678,30,40,72.24,B,Pass
3679,30,390,64.07,C,Pass
3680,30,303,23.92,F,Fail
3681,30,216,84.27,A,Pass
3682,30,144,48.08,D,Pass
3683,30,410,51.02,D,Pass
3684,30,336,65.51,C,Pass
3685,30,161,93.84,A+,Pass
3686,30,328,69.01,C,Pass
3687,30,118,39.06,F,Fail
3688,30,111,51.88,D,Pass
3689,30,211,65.74,C,Pass
3690,30,103,99.59,A+,Pass
3691,30,43,51.96,D,Pass
3692,30,473,75.07,B,Pass
3693,30,273,70.56,B,Pass
3694,30,326,32.89,F,Fail
3695,30,201,22.03,F,Fail
3696,30,169,26.56,F,Fail
3697,30,474,69.31,C,Pass
3698,30,382,35.82,F,Fail
3699,30,215,73.91,B,Pass
3700,30,2,78.96,B,Pass
3701,30,81,23.3,F,Fail
3702,30,38,30.58,F,Fail
3703,30,88,20.59,F,Fail
3704,30,261,76.36,B,Pass
3705,30,102,55.84,D,Pass
3706,30,25,84.47,A,Pass
3707,30,212,96.29,A+,Pass
3708,30,219,60.92,C,Pass
3709,30,77,86.51,A,Pass
3710,30,279,46.9,D,Pass
3711,30,275,31.04,F,Fail
3712,30,398,73.72,B,Pass
3713,30,271,72.49,B,Pass
3714,30,421,30.53,F,Fail
3715,30,235,86.83,A,Pass
3716,30,76,99.23,A+,Pass
3717,30,85,37.66,F,Fail
3718,30,45,67.11,C,Pass
3719,30,357,54.49,D,Pass
3720,30,464,53.85,D,Pass
3721,30,69,27.76,F,Fail
3722,30,110,67.08,C,Pass
3723,30,163,35.3,F,Fail
3724,30,191,78.89,B,Pass
3725,30,429,21.43,F,Fail
3726,30,313,93.95,A+,Pass
3727,30,99,31.81,F,Fail
3728,30,423,84.77,A,Pass
3729,30,232,48.85,D,Pass
3730,30,267,25.95,F,Fail
3731,30,238,48.18,D,Pass
3732,30,317,84.49,A,Pass
3733,30,35,79.04,B,Pass
3734,30,34,48.47,D,Pass
3735,30,312,35.84,F,Fail
3736,30,299,50.97,D,Pass
3737,30,148,87.77,A,Pass
3738,30,471,26.5,F,Fail
3739,30,445,89.72,A,Pass
3740,30,283,68.49,C,Pass
3741,30,61,37.78,F,Fail
3742,30,289,70.17,B,Pass
3743,30,255,95.67,A+,Pass
3744,30,95,75.18,B,Pass
3745,30,396,62.2,C,Pass
3746,30,92,99.88,A+,Pass
3747,30,186,28.46,F,Fail
3748,30,184,53.69,D,Pass
3749,30,112,79.89,B,Pass
3750,30,51,84.39,A,Pass
3751,30,217,63.61,C,Pass
3752,30,365,21.14,F,Fail
3753,30,304,75.91,B,Pass
3754,30,52,75.43,B,Pass
3755,30,294,84.66,A,Pass
3756,30,351,53.53,D,Pass
3757,30,155,93.96,A+,Pass
3758,30,293,45.95,D,Pass
3759,31,448,91.06,A+,Pass
3760,31,278,96.38,A+,Pass
3761,31,328,59.49,D,Pass
3762,31,342,40.48,D,Pass
3763,31,218,56.51,D,Pass
3764,31,60,58.64,D,Pass
3765,31,221,63.05,C,Pass
3766,31,295,38.06,F,Fail
3767,31,6,65.72,C,Pass
3768,31,437,94.61,A+,Pass
3769,31,402,33.48,F,Fail
3770,31,274,24.96,F,Fail
3771,31,73,21.27,F,Fail
3772,31,347,34.89,F,Fail
3773,31,455,34.8,F,Fail
3774,31,358,86.09,A,Pass
3775,31,394,98.95,A+,Pass
3776,31,456,81.57,A,Pass
3777,31,147,58.43,D,Pass
3778,31,434,85.98,A,Pass
3779,31,110,84.56,A,Pass
3780,31,21,89.2,A,Pass
3781,31,487,36.5,F,Fail
3782,31,151,69.5,C,Pass
3783,31,425,35.17,F,Fail
3784,31,158,91.17,A+,Pass
3785,31,114,70.3,B,Pass
3786,31,398,95.54,A+,Pass
3787,31,237,40.99,D,Pass
3788,31,15,41.12,D,Pass
3789,31,430,51.81,D,Pass
3790,31,372,85.77,A,Pass
3791,31,116,95.17,A+,Pass
3792,31,379,77.96,B,Pass
3793,31,385,21.26,F,Fail
3794,31,200,35.71,F,Fail
3795,31,288,38.59,F,Fail
3796,31,277,44.34,D,Pass
3797,31,13,95.4,A+,Pass
3798,31,443,68.47,C,Pass
3799,31,400,61.3,C,Pass
3800,31,281,38.35,F,Fail
3801,31,252,75.64,B,Pass
3802,31,393,57.74,D,Pass
3803,31,428,57.0,D,Pass
3804,31,246,32.19,F,Fail
3805,31,254,29.72,F,Fail
3806,31,9,65.23,C,Pass
3807,31,133,79.39,B,Pass
3808,31,102,77.69,B,Pass
3809,31,473,48.46,D,Pass
3810,31,351,24.38,F,Fail
3811,31,169,46.79,D,Pass
3812,31,349,67.84,C,Pass
3813,31,7,78.23,B,Pass
3814,31,370,82.08,A,Pass
3815,31,146,28.02,F,Fail
3816,31,210,39.57,F,Fail
3817,31,243,45.4,D,Pass
3818,31,198,94.43,A+,Pass
3819,31,318,26.59,F,Fail
3820,31,432,48.64,D,Pass
3821,31,165,82.87,A,Pass
3822,31,383,40.82,D,Pass
3823,31,427,98.38,A+,Pass
3824,31,164,79.08,B,Pass
3825,31,168,40.24,D,Pass
3826,31,367,46.96,D,Pass
3827,31,61,59.71,D,Pass
3828,31,355,87.11,A,Pass
3829,31,426,64.64,C,Pass
3830,31,228,57.21,D,Pass
3831,31,100,74.15,B,Pass
3832,31,356,38.43,F,Fail
3833,31,439,44.98,D,Pass
3834,31,431,32.46,F,Fail
3835,31,363,65.84,C,Pass
3836,31,35,27.32,F,Fail
3837,31,365,26.7,F,Fail
3838,31,420,89.86,A,Pass
3839,31,189,28.44,F,Fail
3840,31,390,24.67,F,Fail
3841,31,335,41.36,D,Pass
3842,31,382,56.43,D,Pass
3843,31,387,21.65,F,Fail
3844,31,392,76.88,B,Pass
3845,31,283,81.66,A,Pass
3846,31,490,90.26,A+,Pass
3847,31,171,80.01,A,Pass
3848,31,417,24.99,F,Fail
3849,31,91,43.21,D,Pass
3850,31,244,45.06,D,Pass
3851,31,362,37.3,F,Fail
3852,31,352,95.64,A+,Pass
3853,31,78,56.89,D,Pass
3854,31,42,97.64,A+,Pass
3855,31,384,63.66,C,Pass
3856,31,419,28.88,F,Fail
3857,31,220,38.26,F,Fail
3858,31,334,84.64,A,Pass
3859,31,134,32.09,F,Fail
3860,31,481,80.75,A,Pass
3861,31,273,41.18,D,Pass
3862,31,227,31.91,F,Fail
3863,31,193,77.61,B,Pass
3864,31,115,35.41,F,Fail
3865,31,203,81.23,A,Pass
3866,31,477,94.44,A+,Pass
3867,31,245,44.61,D,Pass
3868,32,24,94.58,A+,Pass
3869,32,428,64.62,C,Pass
3870,32,403,87.42,A,Pass
3871,32,153,74.21,B,Pass
3872,32,139,45.56,D,Pass
3873,32,266,67.98,C,Pass
3874,32,178,57.55,D,Pass
3875,32,291,65.94,C,Pass
3876,32,204,72.74,B,Pass
3877,32,350,97.3,A+,Pass
3878,32,41,64.31,C,Pass
3879,32,79,90.27,A+,Pass
3880,32,441,33.98,F,Fail
3881,32,192,26.67,F,Fail
3882,32,226,79.81,B,Pass
3883,32,137,57.01,D,Pass
3884,32,26,70.89,B,Pass
3885,32,293,98.18,A+,Pass
3886,32,15,70.36,B,Pass
3887,32,446,37.1,F,Fail
3888,32,237,71.31,B,Pass
3889,32,424,63.23,C,Pass
3890,32,368,29.34,F,Fail
3891,32,89,20.09,F,Fail
3892,32,145,26.03,F,Fail
3893,32,234,25.16,F,Fail
3894,32,343,86.4,A,Pass
3895,32,78,34.14,F,Fail
3896,32,101,20.48,F,Fail
3897,32,487,66.36,C,Pass
3898,32,268,68.45,C,Pass
3899,32,489,55.11,D,Pass
3900,32,142,94.84,A+,Pass
3901,32,471,42.23,D,Pass
3902,32,453,60.24,C,Pass
3903,32,326,43.35,D,Pass
3904,32,67,42.18,D,Pass
3905,32,313,90.66,A+,Pass
3906,32,87,67.31,C,Pass
3907,32,383,24.01,F,Fail
3908,32,365,25.87,F,Fail
3909,32,125,62.67,C,Pass
3910,32,11,78.31,B,Pass
3911,32,456,84.03,A,Pass
3912,32,91,57.81,D,Pass
3913,32,118,99.15,A+,Pass
3914,32,386,74.96,B,Pass
3915,32,413,71.97,B,Pass
3916,32,451,88.08,A,Pass
3917,32,46,54.89,D,Pass
3918,32,299,75.65,B,Pass
3919,32,249,41.38,D,Pass
3920,32,251,90.68,A+,Pass
3921,32,140,97.43,A+,Pass
3922,32,131,93.12,A+,Pass
3923,32,362,30.08,F,Fail
3924,32,206,24.11,F,Fail
3925,32,484,72.95,B,Pass
3926,32,329,85.66,A,Pass
3927,32,92,95.58,A+,Pass
3928,32,214,96.36,A+,Pass
3929,32,187,91.72,A+,Pass
3930,32,232,75.97,B,Pass
3931,32,220,59.12,D,Pass
3932,32,134,35.83,F,Fail
3933,32,58,73.73,B,Pass
3934,32,207,36.63,F,Fail
3935,32,217,49.85,D,Pass
3936,32,372,37.94,F,Fail
3937,32,44,44.32,D,Pass
3938,32,273,57.14,D,Pass
3939,32,433,54.78,D,Pass
3940,32,490,68.02,C,Pass
3941,32,281,77.43,B,Pass
3942,32,410,34.69,F,Fail
3943,32,320,80.33,A,Pass
3944,32,259,79.15,B,Pass
3945,32,108,90.19,A+,Pass
3946,32,379,33.34,F,Fail
3947,32,90,73.44,B,Pass
3948,32,354,90.39,A+,Pass
3949,32,169,28.39,F,Fail
3950,32,319,82.16,A,Pass
3951,32,127,98.93,A+,Pass
3952,32,285,63.16,C,Pass
3953,32,396,38.53,F,Fail
3954,32,23,76.03,B,Pass
3955,32,167,34.54,F,Fail
3956,32,430,70.91,B,Pass
3957,32,458,48.96,D,Pass
3958,32,409,46.53,D,Pass
3959,32,460,35.98,F,Fail
3960,32,442,94.04,A+,Pass
3961,32,238,42.33,D,Pass
3962,32,158,24.19,F,Fail
3963,32,80,99.15,A+,Pass
3964,32,104,80.04,A,Pass
3965,32,194,57.79,D,Pass
3966,32,332,75.63,B,Pass
3967,32,264,56.56,D,Pass
3968,32,202,24.85,F,Fail
3969,32,144,93.42,A+,Pass
3970,32,51,73.86,B,Pass
3971,32,311,95.54,A+,Pass
3972,32,429,22.98,F,Fail
3973,32,418,46.25,D,Pass
3974,32,497,79.23,B,Pass
3975,32,25,93.42,A+,Pass
3976,32,292,76.5,B,Pass
3977,32,28,38.45,F,Fail
3978,32,312,91.09,A+,Pass
3979,32,261,87.05,A,Pass
3980,32,105,41.68,D,Pass
3981,32,492,88.29,A,Pass
3982,32,111,23.81,F,Fail
3983,32,30,20.75,F,Fail
3984,32,395,59.98,D,Pass
3985,32,338,38.4,F,Fail
3986,32,435,55.8,D,Pass
3987,32,323,54.64,D,Pass
3988,32,448,79.35,B,Pass
3989,32,160,32.34,F,Fail
3990,32,344,31.32,F,Fail
3991,32,35,58.12,D,Pass
3992,32,406,35.95,F,Fail
3993,32,476,29.26,F,Fail
3994,33,407,97.62,A+,Pass
3995,33,204,72.34,B,Pass
3996,33,342,91.78,A+,Pass
3997,33,100,38.35,F,Fail
3998,33,19,31.89,F,Fail
3999,33,267,54.8,D,Pass
4000,33,330,89.81,A,Pass
4001,33,121,47.57,D,Pass
4002,33,159,23.81,F,Fail
4003,33,193,59.12,D,Pass
4004,33,26,53.74,D,Pass
4005,33,425,59.12,D,Pass
4006,33,217,56.39,D,Pass
4007,33,20,50.24,D,Pass
4008,33,153,88.16,A,Pass
4009,33,241,21.67,F,Fail
4010,33,126,44.37,D,Pass
4011,33,474,92.12,A+,Pass
4012,33,430,58.32,D,Pass
4013,33,71,40.39,D,Pass
4014,33,99,62.23,C,Pass
4015,33,181,45.76,D,Pass
4016,33,285,96.74,A+,Pass
4017,33,234,24.76,F,Fail
4018,33,390,52.48,D,Pass
4019,33,27,51.25,D,Pass
4020,33,127,45.87,D,Pass
4021,33,190,88.69,A,Pass
4022,33,466,29.31,F,Fail
4023,33,410,42.04,D,Pass
4024,33,366,95.44,A+,Pass
4025,33,350,73.88,B,Pass
4026,33,262,73.27,B,Pass
4027,33,146,89.0,A,Pass
4028,33,73,37.82,F,Fail
4029,33,249,91.82,A+,Pass
4030,33,201,68.68,C,Pass
4031,33,208,41.47,D,Pass
4032,33,274,87.19,A,Pass
4033,33,413,27.7,F,Fail
4034,33,476,46.79,D,Pass
4035,33,120,61.0,C,Pass
4036,33,259,47.96,D,Pass
4037,33,12,46.28,D,Pass
4038,33,213,34.44,F,Fail
4039,33,93,60.87,C,Pass
4040,33,54,39.83,F,Fail
4041,33,449,87.23,A,Pass
4042,33,278,54.67,D,Pass
4043,33,218,72.15,B,Pass
4044,33,325,95.15,A+,Pass
4045,33,170,50.59,D,Pass
4046,33,403,85.85,A,Pass
4047,33,454,48.75,D,Pass
4048,33,138,30.08,F,Fail
4049,33,333,70.12,B,Pass
4050,33,492,42.75,D,Pass
4051,33,254,45.25,D,Pass
4052,33,16,81.52,A,Pass
4053,33,189,56.05,D,Pass
4054,33,393,82.66,A,Pass
4055,33,106,57.3,D,Pass
4056,33,446,96.28,A+,Pass
4057,33,224,97.11,A+,Pass
4058,33,135,69.99,C,Pass
4059,33,42,28.08,F,Fail
4060,33,155,47.28,D,Pass
4061,33,331,93.31,A+,Pass
4062,33,498,20.9,F,Fail
4063,33,443,97.13,A+,Pass
4064,33,148,34.73,F,Fail
4065,33,452,85.25,A,Pass
4066,33,13,42.38,D,Pass
4067,33,233,90.12,A+,Pass
4068,33,305,25.14,F,Fail
4069,33,395,69.29,C,Pass
4070,33,46,90.69,A+,Pass
4071,33,307,99.57,A+,Pass
4072,33,76,71.44,B,Pass
4073,33,302,96.72,A+,Pass
4074,33,116,54.31,D,Pass
4075,33,422,45.24,D,Pass
4076,33,266,26.8,F,Fail
4077,33,279,72.86,B,Pass
4078,33,228,39.08,F,Fail
4079,33,411,44.83,D,Pass
4080,33,62,75.74,B,Pass
4081,33,344,39.57,F,Fail
4082,33,172,73.1,B,Pass
4083,33,175,39.36,F,Fail
4084,33,320,57.1,D,Pass
4085,33,491,72.34,B,Pass
4086,33,92,31.24,F,Fail
4087,33,210,58.26,D,Pass
4088,33,123,84.26,A,Pass
4089,33,171,63.86,C,Pass
4090,33,378,49.27,D,Pass
4091,33,468,91.01,A+,Pass
4092,33,412,34.78,F,Fail
4093,33,396,78.66,B,Pass
4094,33,108,32.75,F,Fail
4095,33,226,65.56,C,Pass
4096,33,382,47.4,D,Pass
4097,33,264,38.18,F,Fail
4098,33,36,97.61,A+,Pass
4099,33,371,24.74,F,Fail
4100,33,464,31.48,F,Fail
4101,33,315,75.17,B,Pass
4102,33,358,79.22,B,Pass
4103,33,332,31.74,F,Fail
4104,33,341,69.39,C,Pass
4105,33,306,26.24,F,Fail
4106,33,60,32.08,F,Fail
4107,33,283,91.46,A+,Pass
4108,33,98,56.2,D,Pass
4109,33,375,27.68,F,Fail
4110,34,303,55.75,D,Pass
4111,34,113,83.62,A,Pass
4112,34,88,70.01,B,Pass
4113,34,144,42.57,D,Pass
4114,34,321,34.44,F,Fail
4115,34,47,49.78,D,Pass
4116,34,423,41.35,D,Pass
4117,34,190,75.52,B,Pass
4118,34,150,92.99,A+,Pass
4119,34,485,54.45,D,Pass
4120,34,195,48.45,D,Pass
4121,34,411,58.61,D,Pass
4122,34,346,35.52,F,Fail
4123,34,468,49.65,D,Pass
4124,34,419,88.42,A,Pass
4125,34,228,95.82,A+,Pass
4126,34,25,60.43,C,Pass
4127,34,90,54.53,D,Pass
4128,34,487,72.66,B,Pass
4129,34,50,86.94,A,Pass
4130,34,149,78.44,B,Pass
4131,34,298,22.54,F,Fail
4132,34,306,73.51,B,Pass
4133,34,256,77.46,B,Pass
4134,34,370,98.45,A+,Pass
4135,34,4,93.89,A+,Pass
4136,34,470,89.62,A,Pass
4137,34,83,21.34,F,Fail
4138,34,151,92.56,A+,Pass
4139,34,362,66.8,C,Pass
4140,34,9,78.34,B,Pass
4141,34,102,83.05,A,Pass
4142,34,497,51.95,D,Pass
4143,34,403,68.43,C,Pass
4144,34,241,32.29,F,Fail
4145,34,98,53.95,D,Pass
4146,34,121,37.31,F,Fail
4147,34,451,33.05,F,Fail
4148,34,381,68.14,C,Pass
4149,34,286,31.81,F,Fail
4150,34,279,56.25,D,Pass
4151,34,211,55.71,D,Pass
4152,34,380,23.86,F,Fail
4153,34,410,27.7,F,Fail
4154,34,152,66.15,C,Pass
4155,34,323,90.34,A+,Pass
4156,34,118,43.08,D,Pass
4157,34,328,56.72,D,Pass
4158,34,450,56.92,D,Pass
4159,34,155,65.46,C,Pass
4160,34,19,79.63,B,Pass
4161,34,199,29.48,F,Fail
4162,34,407,24.37,F,Fail
4163,34,443,77.83,B,Pass
4164,34,265,23.94,F,Fail
4165,34,397,39.66,F,Fail
4166,34,327,35.23,F,Fail
4167,34,459,64.23,C,Pass
4168,34,251,36.62,F,Fail
4169,34,442,21.23,F,Fail
4170,34,337,31.4,F,Fail
4171,34,438,39.93,F,Fail
4172,34,234,35.41,F,Fail
4173,34,491,21.12,F,Fail
4174,34,165,29.79,F,Fail
4175,34,261,66.55,C,Pass
4176,34,316,42.57,D,Pass
4177,34,427,54.19,D,Pass
4178,34,18,79.51,B,Pass
4179,34,489,73.84,B,Pass
4180,34,414,86.47,A,Pass
4181,34,332,67.21,C,Pass
4182,34,208,65.74,C,Pass
4183,34,87,91.19,A+,Pass
4184,34,354,56.29,D,Pass
4185,34,281,67.41,C,Pass
4186,34,254,54.94,D,Pass
4187,34,275,45.57,D,Pass
4188,34,205,81.93,A,Pass
4189,34,461,81.87,A,Pass
4190,34,366,57.27,D,Pass
4191,34,486,75.09,B,Pass
4192,34,221,59.35,D,Pass
4193,34,239,24.07,F,Fail
4194,34,247,82.88,A,Pass
4195,34,10,78.66,B,Pass
4196,34,333,66.5,C,Pass
4197,34,295,86.85,A,Pass
4198,34,107,77.36,B,Pass
4199,34,72,42.55,D,Pass
4200,34,44,22.75,F,Fail
4201,34,314,23.73,F,Fail
4202,34,349,26.72,F,Fail
4203,34,249,87.89,A,Pass
4204,34,448,42.18,D,Pass
4205,34,209,81.77,A,Pass
4206,34,291,73.94,B,Pass
4207,34,495,43.86,D,Pass
4208,34,218,78.35,B,Pass
4209,34,425,47.2,D,Pass
4210,34,494,89.71,A,Pass
4211,34,296,76.22,B,Pass
4212,34,355,61.29,C,Pass
4213,34,259,78.62,B,Pass
4214,34,302,33.37,F,Fail
4215,34,422,20.5,F,Fail
4216,34,471,20.9,F,Fail
4217,34,304,52.36,D,Pass
4218,34,68,51.31,D,Pass
4219,34,85,50.87,D,Pass
4220,34,70,55.13,D,Pass
4221,34,146,29.75,F,Fail
4222,34,77,98.32,A+,Pass
4223,34,324,31.4,F,Fail
4224,34,225,45.07,D,Pass
4225,34,404,59.63,D,Pass
4226,34,476,87.87,A,Pass
4227,34,446,96.71,A+,Pass
4228,34,176,83.44,A,Pass
4229,34,473,72.71,B,Pass
4230,35,94,78.95,B,Pass
4231,35,8,37.29,F,Fail
4232,35,58,61.7,C,Pass
4233,35,92,81.67,A,Pass
4234,35,4,76.73,B,Pass
4235,35,145,88.51,A,Pass
4236,35,11,80.85,A,Pass
4237,35,179,64.94,C,Pass
4238,35,90,70.43,B,Pass
4239,35,149,46.39,D,Pass
4240,35,426,85.24,A,Pass
4241,35,290,87.64,A,Pass
4242,35,422,76.11,B,Pass
4243,35,412,25.42,F,Fail
4244,35,280,27.45,F,Fail
4245,35,264,54.26,D,Pass
4246,35,95,32.19,F,Fail
4247,35,428,36.32,F,Fail
4248,35,310,22.9,F,Fail
4249,35,460,39.77,F,Fail
4250,35,403,99.49,A+,Pass
4251,35,330,34.43,F,Fail
4252,35,387,80.83,A,Pass
4253,35,6,71.42,B,Pass
4254,35,40,51.65,D,Pass
4255,35,484,94.69,A+,Pass
4256,35,101,37.3,F,Fail
4257,35,289,44.05,D,Pass
4258,35,214,35.85,F,Fail
4259,35,116,47.77,D,Pass
4260,35,388,73.36,B,Pass
4261,35,419,93.25,A+,Pass
4262,35,127,33.98,F,Fail
4263,35,73,50.43,D,Pass
4264,35,190,45.18,D,Pass
4265,35,24,70.81,B,Pass
4266,35,23,57.11,D,Pass
4267,35,306,36.24,F,Fail
4268,35,275,94.25,A+,Pass
4269,35,311,84.94,A,Pass
4270,35,424,24.08,F,Fail
4271,35,431,42.9,D,Pass
4272,35,170,49.34,D,Pass
4273,35,455,41.72,D,Pass
4274,35,155,89.67,A,Pass
4275,35,258,40.9,D,Pass
4276,35,158,43.02,D,Pass
4277,35,148,29.72,F,Fail
4278,35,332,93.4,A+,Pass
4279,35,15,55.72,D,Pass
4280,35,66,44.3,D,Pass
4281,35,166,66.88,C,Pass
4282,35,287,35.08,F,Fail
4283,35,284,30.26,F,Fail
4284,35,230,21.85,F,Fail
4285,35,227,83.13,A,Pass
4286,35,421,97.32,A+,Pass
4287,35,53,37.58,F,Fail
4288,35,394,78.58,B,Pass
4289,35,265,29.58,F,Fail
4290,35,26,62.16,C,Pass
4291,35,364,91.07,A+,Pass
4292,35,286,53.24,D,Pass
4293,35,267,76.45,B,Pass
4294,35,441,78.69,B,Pass
4295,35,297,29.88,F,Fail
4296,35,167,66.6,C,Pass
4297,35,474,82.76,A,Pass
4298,35,256,55.16,D,Pass
4299,35,2,43.62,D,Pass
4300,35,466,41.36,D,Pass
4301,35,83,45.56,D,Pass
4302,35,10,81.03,A,Pass
4303,35,409,24.8,F,Fail
4304,35,81,96.57,A+,Pass
4305,35,457,59.41,D,Pass
4306,35,279,67.53,C,Pass
4307,35,373,64.2,C,Pass
4308,35,87,93.27,A+,Pass
4309,35,350,99.76,A+,Pass
4310,35,339,81.74,A,Pass
4311,35,251,48.72,D,Pass
4312,35,243,36.75,F,Fail
4313,35,423,40.7,D,Pass
4314,35,341,20.67,F,Fail
4315,35,346,95.63,A+,Pass
4316,35,464,91.89,A+,Pass
4317,35,178,60.47,C,Pass
4318,35,442,35.03,F,Fail
4319,35,67,54.85,D,Pass
4320,35,34,27.43,F,Fail
4321,35,377,58.38,D,Pass
4322,35,335,71.51,B,Pass
4323,35,70,75.34,B,Pass
4324,35,75,97.05,A+,Pass
4325,35,37,68.69,C,Pass
4326,35,490,50.03,D,Pass
4327,35,98,43.73,D,Pass
4328,35,444,43.3,D,Pass
4329,35,393,49.3,D,Pass
4330,35,483,22.1,F,Fail
4331,35,3,64.35,C,Pass
4332,35,196,24.32,F,Fail
4333,35,216,41.7,D,Pass
4334,35,336,79.46,B,Pass
4335,35,135,92.19,A+,Pass
4336,35,254,89.97,A,Pass
4337,35,327,49.07,D,Pass
4338,35,21,37.81,F,Fail
4339,35,176,79.1,B,Pass
4340,35,398,31.32,F,Fail
4341,35,302,67.83,C,Pass
4342,35,390,90.53,A+,Pass
4343,35,122,25.69,F,Fail
4344,35,78,78.94,B,Pass
4345,35,313,55.48,D,Pass
4346,35,430,77.28,B,Pass
4347,35,448,75.74,B,Pass
4348,35,411,79.13,B,Pass
4349,36,479,20.71,F,Fail
4350,36,145,92.34,A+,Pass
4351,36,266,78.29,B,Pass
4352,36,149,80.55,A,Pass
4353,36,141,79.77,B,Pass
4354,36,371,90.61,A+,Pass
4355,36,454,22.75,F,Fail
4356,36,356,45.46,D,Pass
4357,36,16,49.14,D,Pass
4358,36,243,73.09,B,Pass
4359,36,71,53.11,D,Pass
4360,36,143,22.79,F,Fail
4361,36,252,74.08,B,Pass
4362,36,169,61.96,C,Pass
4363,36,460,86.63,A,Pass
4364,36,83,23.04,F,Fail
4365,36,263,95.08,A+,Pass
4366,36,5,70.72,B,Pass
4367,36,153,53.9,D,Pass
4368,36,105,84.82,A,Pass
4369,36,89,92.11,A+,Pass
4370,36,193,30.76,F,Fail
4371,36,396,22.71,F,Fail
4372,36,185,21.8,F,Fail
4373,36,222,60.71,C,Pass
4374,36,178,56.25,D,Pass
4375,36,165,50.21,D,Pass
4376,36,93,84.69,A,Pass
4377,36,215,56.17,D,Pass
4378,36,493,56.21,D,Pass
4379,36,48,95.77,A+,Pass
4380,36,104,99.99,A+,Pass
4381,36,445,77.81,B,Pass
4382,36,258,75.56,B,Pass
4383,36,191,79.3,B,Pass
4384,36,352,89.78,A,Pass
4385,36,82,73.24,B,Pass
4386,36,56,65.65,C,Pass
4387,36,302,87.25,A,Pass
4388,36,208,41.85,D,Pass
4389,36,163,30.01,F,Fail
4390,36,344,69.92,C,Pass
4391,36,168,59.37,D,Pass
4392,36,219,42.3,D,Pass
4393,36,354,85.34,A,Pass
4394,36,500,24.86,F,Fail
4395,36,80,87.43,A,Pass
4396,36,296,77.88,B,Pass
4397,36,446,68.2,C,Pass
4398,36,274,27.12,F,Fail
4399,36,81,92.47,A+,Pass
4400,36,194,72.37,B,Pass
4401,36,369,66.16,C,Pass
4402,36,177,77.11,B,Pass
4403,36,195,86.89,A,Pass
4404,36,299,83.53,A,Pass
4405,36,200,20.48,F,Fail
4406,36,10,67.47,C,Pass
4407,36,362,84.38,A,Pass
4408,36,120,95.92,A+,Pass
4409,36,253,34.92,F,Fail
4410,36,97,70.32,B,Pass
4411,36,347,74.47,B,Pass
4412,36,142,72.54,B,Pass
4413,36,457,67.63,C,Pass
4414,36,212,21.62,F,Fail
4415,36,269,33.09,F,Fail
4416,36,384,31.68,F,Fail
4417,36,257,72.02,B,Pass
4418,36,42,66.27,C,Pass
4419,36,317,27.98,F,Fail
4420,36,232,71.36,B,Pass
4421,36,62,32.48,F,Fail
4422,36,456,61.66,C,Pass
4423,36,111,63.22,C,Pass
4424,36,28,31.64,F,Fail
4425,36,77,71.33,B,Pass
4426,36,471,55.0,D,Pass
4427,36,475,99.78,A+,Pass
4428,36,78,93.96,A+,Pass
4429,36,85,96.95,A+,Pass
4430,36,140,32.26,F,Fail
4431,36,217,76.13,B,Pass
4432,36,61,82.86,A,Pass
4433,36,20,74.8,B,Pass
4434,36,121,30.83,F,Fail
4435,36,124,76.87,B,Pass
4436,36,268,98.74,A+,Pass
4437,36,204,64.05,C,Pass
4438,36,125,64.29,C,Pass
4439,36,470,87.04,A,Pass
4440,36,308,65.34,C,Pass
4441,36,58,66.52,C,Pass
4442,36,455,48.16,D,Pass
4443,36,234,24.44,F,Fail
4444,36,368,81.04,A,Pass
4445,36,382,53.45,D,Pass
4446,36,476,29.89,F,Fail
4447,36,123,34.59,F,Fail
4448,36,39,67.16,C,Pass
4449,36,63,88.85,A,Pass
4450,36,267,75.69,B,Pass
4451,36,74,87.26,A,Pass
4452,36,473,41.05,D,Pass
4453,36,365,80.28,A,Pass
4454,36,255,43.14,D,Pass
4455,36,19,31.17,F,Fail
4456,36,279,53.77,D,Pass
4457,36,364,88.38,A,Pass
4458,36,461,49.57,D,Pass
4459,36,422,66.43,C,Pass
4460,36,330,67.88,C,Pass
4461,36,332,27.14,F,Fail
4462,36,303,96.73,A+,Pass
4463,36,335,41.63,D,Pass
4464,36,320,37.47,F,Fail
4465,36,144,64.2,C,Pass
4466,36,226,68.04,C,Pass
4467,36,34,99.95,A+,Pass
4468,36,339,66.19,C,Pass
4469,36,327,57.15,D,Pass
4470,36,92,80.68,A,Pass
4471,36,404,78.76,B,Pass
4472,36,428,57.89,D,Pass
4473,37,128,81.21,A,Pass
4474,37,248,81.11,A,Pass
4475,37,185,50.43,D,Pass
4476,37,400,27.92,F,Fail
4477,37,465,57.43,D,Pass
4478,37,329,39.09,F,Fail
4479,37,416,53.0,D,Pass
4480,37,170,26.73,F,Fail
4481,37,362,63.52,C,Pass
4482,37,369,58.89,D,Pass
4483,37,475,94.49,A+,Pass
4484,37,17,45.87,D,Pass
4485,37,434,35.27,F,Fail
4486,37,214,33.92,F,Fail
4487,37,68,41.55,D,Pass
4488,37,165,99.74,A+,Pass
4489,37,146,40.23,D,Pass
4490,37,433,93.41,A+,Pass
4491,37,484,87.68,A,Pass
4492,37,219,95.23,A+,Pass
4493,37,193,76.95,B,Pass
4494,37,18,22.71,F,Fail
4495,37,73,91.55,A+,Pass
4496,37,220,53.62,D,Pass
4497,37,213,24.21,F,Fail
4498,37,313,65.22,C,Pass
4499,37,352,97.78,A+,Pass
4500,37,488,35.85,F,Fail
4501,37,354,99.28,A+,Pass
4502,37,291,93.59,A+,Pass
4503,37,90,94.66,A+,Pass
4504,37,404,94.68,A+,Pass
4505,37,497,72.45,B,Pass
4506,37,343,59.03,D,Pass
4507,37,106,87.42,A,Pass
4508,37,97,44.3,D,Pass
4509,37,91,38.29,F,Fail
4510,37,123,72.61,B,Pass
4511,37,172,81.55,A,Pass
4512,37,48,58.41,D,Pass
4513,37,373,50.29,D,Pass
4514,37,57,74.25,B,Pass
4515,37,470,85.99,A,Pass
4516,37,244,22.31,F,Fail
4517,37,395,46.73,D,Pass
4518,37,460,91.14,A+,Pass
4519,37,217,79.94,B,Pass
4520,37,198,42.56,D,Pass
4521,37,301,58.28,D,Pass
4522,37,487,57.82,D,Pass
4523,37,455,86.53,A,Pass
4524,37,410,49.99,D,Pass
4525,37,112,68.41,C,Pass
4526,37,466,88.37,A,Pass
4527,37,263,66.62,C,Pass
4528,37,24,52.64,D,Pass
4529,37,216,56.1,D,Pass
4530,37,190,68.06,C,Pass
4531,37,350,76.58,B,Pass
4532,37,108,27.87,F,Fail
4533,37,121,51.08,D,Pass
4534,37,422,48.76,D,Pass
4535,37,145,23.95,F,Fail
4536,37,341,46.86,D,Pass
4537,37,215,51.21,D,Pass
4538,37,187,81.89,A,Pass
4539,37,458,95.65,A+,Pass
4540,37,83,24.06,F,Fail
4541,37,95,22.3,F,Fail
4542,37,472,62.21,C,Pass
4543,37,180,24.74,F,Fail
4544,37,268,81.36,A,Pass
4545,37,461,49.33,D,Pass
4546,37,292,29.72,F,Fail
4547,37,351,38.84,F,Fail
4548,37,103,20.51,F,Fail
4549,37,323,21.62,F,Fail
4550,37,135,24.6,F,Fail
4551,37,285,38.48,F,Fail
4552,37,397,66.11,C,Pass
4553,37,98,35.19,F,Fail
4554,37,482,63.97,C,Pass
4555,37,76,74.83,B,Pass
4556,37,208,69.1,C,Pass
4557,37,401,81.52,A,Pass
4558,37,462,76.62,B,Pass
4559,37,454,73.45,B,Pass
4560,37,94,27.86,F,Fail
4561,37,393,73.81,B,Pass
4562,37,104,74.4,B,Pass
4563,37,202,33.57,F,Fail
4564,37,260,54.89,D,Pass
4565,37,151,30.59,F,Fail
4566,37,262,78.63,B,Pass
4567,37,55,37.48,F,Fail
4568,37,318,83.46,A,Pass
4569,37,374,97.97,A+,Pass
4570,37,261,57.53,D,Pass
4571,37,265,92.71,A+,Pass
4572,37,43,66.34,C,Pass
4573,37,210,81.2,A,Pass
4574,37,442,88.06,A,Pass
4575,37,348,24.29,F,Fail
4576,37,264,58.24,D,Pass
4577,37,136,43.06,D,Pass
4578,37,245,53.3,D,Pass
4579,37,249,55.91,D,Pass
4580,37,141,49.09,D,Pass
4581,37,230,61.42,C,Pass
4582,37,54,20.36,F,Fail
4583,37,335,70.86,B,Pass
4584,37,278,37.54,F,Fail
4585,37,80,56.18,D,Pass
4586,37,494,54.29,D,Pass
4587,37,307,59.94,D,Pass
4588,37,344,90.25,A+,Pass
4589,37,189,52.01,D,Pass
4590,37,209,34.54,F,Fail
4591,37,283,28.53,F,Fail
4592,38,395,99.07,A+,Pass
4593,38,110,24.79,F,Fail
4594,38,329,27.03,F,Fail
4595,38,117,86.95,A,Pass
4596,38,212,22.7,F,Fail
4597,38,308,57.26,D,Pass
4598,38,447,32.68,F,Fail
4599,38,74,27.02,F,Fail
4600,38,145,86.35,A,Pass
4601,38,384,96.47,A+,Pass
4602,38,348,27.52,F,Fail
4603,38,323,98.37,A+,Pass
4604,38,180,58.17,D,Pass
4605,38,61,85.19,A,Pass
4606,38,87,38.0,F,Fail
4607,38,106,70.29,B,Pass
4608,38,150,53.57,D,Pass
4609,38,385,84.17,A,Pass
4610,38,50,72.95,B,Pass
4611,38,429,98.17,A+,Pass
4612,38,254,72.78,B,Pass
4613,38,299,87.6,A,Pass
4614,38,326,24.42,F,Fail
4615,38,253,49.07,D,Pass
4616,38,481,71.7,B,Pass
4617,38,331,85.23,A,Pass
4618,38,267,20.95,F,Fail
4619,38,36,74.16,B,Pass
4620,38,303,45.37,D,Pass
4621,38,206,65.05,C,Pass
4622,38,409,32.72,F,Fail
4623,38,312,69.59,C,Pass
4624,38,35,79.7,B,Pass
4625,38,238,41.99,D,Pass
4626,38,477,47.2,D,Pass
4627,38,223,27.35,F,Fail
4628,38,157,43.29,D,Pass
4629,38,455,25.48,F,Fail
4630,38,295,85.82,A,Pass
4631,38,360,69.78,C,Pass
4632,38,291,48.25,D,Pass
4633,38,350,31.44,F,Fail
4634,38,165,63.45,C,Pass
4635,38,227,45.09,D,Pass
4636,38,344,24.12,F,Fail
4637,38,327,60.07,C,Pass
4638,38,142,63.66,C,Pass
4639,38,486,49.91,D,Pass
4640,38,284,94.23,A+,Pass
4641,38,375,21.05,F,Fail
4642,38,397,64.49,C,Pass
4643,38,219,97.26,A+,Pass
4644,38,200,34.17,F,Fail
4645,38,378,47.01,D,Pass
4646,38,45,37.4,F,Fail
4647,38,210,81.37,A,Pass
4648,38,438,55.38,D,Pass
4649,38,440,48.77,D,Pass
4650,38,193,88.35,A,Pass
4651,38,195,77.95,B,Pass
4652,38,130,89.24,A,Pass
4653,38,339,61.91,C,Pass
4654,38,379,75.61,B,Pass
4655,38,383,97.71,A+,Pass
4656,38,76,99.66,A+,Pass
4657,38,347,55.4,D,Pass
4658,38,121,27.2,F,Fail
4659,38,372,28.98,F,Fail
4660,38,432,89.94,A,Pass
4661,38,56,76.27,B,Pass
4662,38,319,61.79,C,Pass
4663,38,168,42.06,D,Pass
4664,38,101,30.55,F,Fail
4665,38,138,93.1,A+,Pass
4666,38,340,84.9,A,Pass
4667,38,204,80.49,A,Pass
4668,38,472,92.81,A+,Pass
4669,38,311,47.78,D,Pass
4670,38,487,86.94,A,Pass
4671,38,246,33.84,F,Fail
4672,38,463,50.07,D,Pass
4673,38,415,66.64,C,Pass
4674,38,357,76.34,B,Pass
4675,38,428,56.38,D,Pass
4676,38,64,78.91,B,Pass
4677,38,128,39.36,F,Fail
4678,38,492,60.31,C,Pass
4679,38,435,81.17,A,Pass
4680,38,249,80.3,A,Pass
4681,38,86,71.38,B,Pass
4682,38,424,22.78,F,Fail
4683,38,176,23.43,F,Fail
4684,38,23,43.17,D,Pass
4685,38,208,61.99,C,Pass
4686,38,416,53.98,D,Pass
4687,38,461,47.92,D,Pass
4688,38,111,93.35,A+,Pass
4689,38,169,54.59,D,Pass
4690,38,222,54.12,D,Pass
4691,38,413,72.71,B,Pass
4692,38,245,97.3,A+,Pass
4693,38,202,28.76,F,Fail
4694,38,287,99.5,A+,Pass
4695,38,478,60.49,C,Pass
4696,38,406,29.48,F,Fail
4697,38,490,88.67,A,Pass
4698,38,306,81.08,A,Pass
4699,38,309,89.88,A,Pass
4700,38,6,43.88,D,Pass
4701,38,365,95.77,A+,Pass
4702,38,290,94.03,A+,Pass
4703,38,39,66.09,C,Pass
4704,38,72,57.56,D,Pass
4705,38,396,60.44,C,Pass
4706,38,230,93.65,A+,Pass
4707,38,411,37.33,F,Fail
4708,38,2,34.26,F,Fail
4709,38,465,46.62,D,Pass
4710,38,173,91.04,A+,Pass
4711,38,218,39.2,F,Fail
4712,38,43,28.23,F,Fail
4713,38,423,23.12,F,Fail
4714,38,201,80.23,A,Pass
4715,38,364,36.04,F,Fail
4716,39,243,52.29,D,Pass
4717,39,435,48.97,D,Pass
4718,39,357,84.89,A,Pass
4719,39,453,79.31,B,Pass
4720,39,6,76.22,B,Pass
4721,39,103,73.58,B,Pass
4722,39,132,40.16,D,Pass
4723,39,218,54.15,D,Pass
4724,39,120,40.03,D,Pass
4725,39,436,98.35,A+,Pass
4726,39,374,64.41,C,Pass
4727,39,449,36.59,F,Fail
4728,39,56,93.24,A+,Pass
4729,39,2,57.39,D,Pass
4730,39,235,72.5,B,Pass
4731,39,118,29.62,F,Fail
4732,39,135,94.4,A+,Pass
4733,39,226,82.21,A,Pass
4734,39,1,91.89,A+,Pass
4735,39,344,96.43,A+,Pass
4736,39,308,33.97,F,Fail
4737,39,82,22.0,F,Fail
4738,39,366,21.7,F,Fail
4739,39,107,22.75,F,Fail
4740,39,247,95.95,A+,Pass
4741,39,486,86.25,A,Pass
4742,39,468,34.0,F,Fail
4743,39,464,70.17,B,Pass
4744,39,354,75.14,B,Pass
4745,39,23,60.48,C,Pass
4746,39,224,23.9,F,Fail
4747,39,369,61.35,C,Pass
4748,39,94,56.23,D,Pass
4749,39,337,65.16,C,Pass
4750,39,64,69.15,C,Pass
4751,39,65,67.41,C,Pass
4752,39,467,90.56,A+,Pass
4753,39,305,34.67,F,Fail
4754,39,444,93.81,A+,Pass
4755,39,112,21.36,F,Fail
4756,39,53,84.51,A,Pass
4757,39,428,90.95,A+,Pass
4758,39,395,32.44,F,Fail
4759,39,63,51.66,D,Pass
4760,39,372,93.86,A+,Pass
4761,39,433,79.62,B,Pass
4762,39,214,59.44,D,Pass
4763,39,55,52.44,D,Pass
4764,39,335,20.57,F,Fail
4765,39,201,50.21,D,Pass
4766,39,392,24.48,F,Fail
4767,39,219,24.84,F,Fail
4768,39,183,24.77,F,Fail
4769,39,471,49.02,D,Pass
4770,39,13,44.02,D,Pass
4771,39,16,81.04,A,Pass
4772,39,306,63.94,C,Pass
4773,39,494,43.72,D,Pass
4774,39,51,45.52,D,Pass
4775,39,74,87.63,A,Pass
4776,39,443,80.9,A,Pass
4777,39,18,58.68,D,Pass
4778,39,322,75.69,B,Pass
4779,39,404,76.91,B,Pass
4780,39,253,48.14,D,Pass
4781,39,309,69.02,C,Pass
4782,39,35,54.29,D,Pass
4783,39,145,27.08,F,Fail
4784,39,184,48.05,D,Pass
4785,39,229,28.51,F,Fail
4786,39,154,36.46,F,Fail
4787,39,27,93.65,A+,Pass
4788,39,490,28.29,F,Fail
4789,39,175,65.11,C,Pass
4790,39,421,91.53,A+,Pass
4791,39,265,51.67,D,Pass
4792,39,409,57.13,D,Pass
4793,39,203,56.81,D,Pass
4794,39,281,92.11,A+,Pass
4795,39,81,38.69,F,Fail
4796,39,98,81.53,A,Pass
4797,39,318,30.82,F,Fail
4798,39,320,57.86,D,Pass
4799,39,474,78.85,B,Pass
4800,39,355,41.67,D,Pass
4801,39,111,82.53,A,Pass
4802,39,476,50.75,D,Pass
4803,39,264,52.31,D,Pass
4804,39,386,69.94,C,Pass
4805,39,233,55.09,D,Pass
4806,39,447,46.27,D,Pass
4807,39,212,93.74,A+,Pass
4808,39,208,86.54,A,Pass
4809,39,340,58.27,D,Pass
4810,39,316,49.82,D,Pass
4811,39,76,97.33,A+,Pass
4812,39,140,62.14,C,Pass
4813,39,116,69.9,C,Pass
4814,39,174,51.65,D,Pass
4815,39,80,35.42,F,Fail
4816,39,188,30.89,F,Fail
4817,39,361,51.95,D,Pass
4818,39,417,62.42,C,Pass
4819,39,150,88.25,A,Pass
4820,39,328,66.63,C,Pass
4821,39,104,31.93,F,Fail
4822,39,195,32.72,F,Fail
4823,39,87,29.4,F,Fail
4824,39,106,70.81,B,Pass
4825,39,407,48.69,D,Pass
4826,39,499,58.57,D,Pass
4827,39,311,23.94,F,Fail
4828,39,414,63.94,C,Pass
4829,39,100,30.42,F,Fail
4830,39,334,35.66,F,Fail
4831,39,189,40.17,D,Pass
4832,39,465,98.87,A+,Pass
4833,39,261,69.7,C,Pass
4834,39,294,37.22,F,Fail
4835,39,221,81.17,A,Pass
4836,39,477,51.14,D,Pass
4837,39,97,56.69,D,Pass
4838,39,418,96.71,A+,Pass
4839,39,457,29.36,F,Fail
4840,39,319,28.57,F,Fail
4841,39,146,34.24,F,Fail
4842,39,339,49.2,D,Pass
4843,39,69,49.75,D,Pass
4844,39,211,81.3,A,Pass
4845,39,426,92.26,A+,Pass
4846,39,297,32.88,F,Fail
4847,39,109,66.68,C,Pass
4848,39,34,86.32,A,Pass
4849,39,431,52.54,D,Pass
4850,39,394,31.36,F,Fail
4851,39,388,71.37,B,Pass
4852,39,289,29.25,F,Fail
4853,39,99,67.22,C,Pass
4854,39,197,95.05,A+,Pass
4855,39,72,41.05,D,Pass
4856,39,192,59.0,D,Pass
4857,39,245,68.7,C,Pass
4858,39,352,99.3,A+,Pass
4859,39,60,27.99,F,Fail
4860,39,271,89.31,A,Pass
4861,39,478,86.64,A,Pass
4862,39,446,66.52,C,Pass
4863,39,292,67.93,C,Pass
4864,40,152,76.33,B,Pass
4865,40,56,41.01,D,Pass
4866,40,314,45.72,D,Pass
4867,40,214,74.27,B,Pass
4868,40,448,74.39,B,Pass
4869,40,254,20.59,F,Fail
4870,40,230,74.91,B,Pass
4871,40,391,46.59,D,Pass
4872,40,481,49.23,D,Pass
4873,40,457,47.01,D,Pass
4874,40,114,21.82,F,Fail
4875,40,427,98.62,A+,Pass
4876,40,102,42.06,D,Pass
4877,40,75,62.89,C,Pass
4878,40,304,75.81,B,Pass
4879,40,333,32.05,F,Fail
4880,40,244,40.83,D,Pass
4881,40,210,76.49,B,Pass
4882,40,294,91.57,A+,Pass
4883,40,162,50.65,D,Pass
4884,40,377,66.71,C,Pass
4885,40,158,62.08,C,Pass
4886,40,28,95.49,A+,Pass
4887,40,197,93.32,A+,Pass
4888,40,130,90.33,A+,Pass
4889,40,62,36.94,F,Fail
4890,40,183,99.97,A+,Pass
4891,40,77,77.1,B,Pass
4892,40,263,86.19,A,Pass
4893,40,258,65.85,C,Pass
4894,40,83,23.12,F,Fail
4895,40,274,44.78,D,Pass
4896,40,143,22.21,F,Fail
4897,40,447,43.38,D,Pass
4898,40,134,71.63,B,Pass
4899,40,147,56.13,D,Pass
4900,40,317,52.73,D,Pass
4901,40,285,61.37,C,Pass
4902,40,487,57.79,D,Pass
4903,40,423,78.28,B,Pass
4904,40,342,38.93,F,Fail
4905,40,74,76.86,B,Pass
4906,40,22,28.27,F,Fail
4907,40,404,50.79,D,Pass
4908,40,111,98.17,A+,Pass
4909,40,335,87.15,A,Pass
4910,40,35,45.32,D,Pass
4911,40,23,23.98,F,Fail
4912,40,261,57.47,D,Pass
4913,40,428,49.62,D,Pass
4914,40,433,51.72,D,Pass
4915,40,139,72.57,B,Pass
4916,40,262,24.28,F,Fail
4917,40,36,31.01,F,Fail
4918,40,195,75.13,B,Pass
4919,40,248,44.43,D,Pass
4920,40,176,95.49,A+,Pass
4921,40,82,76.63,B,Pass
4922,40,293,84.68,A,Pass
4923,40,301,45.0,D,Pass
4924,40,40,24.57,F,Fail
4925,40,15,69.68,C,Pass
4926,40,279,58.3,D,Pass
4927,40,276,61.33,C,Pass
4928,40,193,36.88,F,Fail
4929,40,497,76.64,B,Pass
4930,40,386,39.7,F,Fail
4931,40,93,27.06,F,Fail
4932,40,103,48.88,D,Pass
4933,40,129,35.4,F,Fail
4934,40,34,52.02,D,Pass
4935,40,412,79.42,B,Pass
4936,40,70,78.24,B,Pass
4937,40,421,31.91,F,Fail
4938,40,486,95.95,A+,Pass
4939,40,86,27.81,F,Fail
4940,40,201,78.17,B,Pass
4941,40,435,60.16,C,Pass
4942,40,236,64.4,C,Pass
4943,40,429,73.56,B,Pass
4944,40,432,55.76,D,Pass
4945,40,461,80.78,A,Pass
4946,40,385,53.59,D,Pass
4947,40,472,95.74,A+,Pass
4948,40,463,47.81,D,Pass
4949,40,224,70.2,B,Pass
4950,40,496,81.66,A,Pass
4951,40,328,74.34,B,Pass
4952,40,413,95.38,A+,Pass
4953,40,39,70.81,B,Pass
4954,40,106,31.58,F,Fail
4955,40,302,49.68,D,Pass
4956,40,38,49.79,D,Pass
4957,40,216,31.27,F,Fail
4958,40,320,58.78,D,Pass
4959,40,252,43.74,D,Pass
4960,40,468,55.38,D,Pass
4961,40,455,53.09,D,Pass
4962,40,104,21.7,F,Fail
4963,40,157,68.95,C,Pass
4964,40,407,65.89,C,Pass
4965,40,259,46.67,D,Pass
4966,40,358,90.63,A+,Pass
4967,40,394,48.43,D,Pass
4968,40,131,38.46,F,Fail
4969,40,491,48.41,D,Pass
